Tat_tan_tat_vu_tru_DI_NHAN_pha_00000_6.84s|Hãy nói với tôi là không phải chỉ mình tôi hồi bé lấy ba cái đũa hoặc là ba cái bút nhét vào kẽ tay xong rồi giơ lên giả làm Wolverine đi.|hãy nói với tôi là không phải chỉ mình tôi hồi bé lấy ba cái đũa hoặc là ba cái bút nhét vào kẽ tay xong rồi giơ lên giả làm wolverine đi. 
Tat_tan_tat_vu_tru_DI_NHAN_pha_00001_6.06s|Tôi vẫn nhớ rất rõ hồi đấy đá bội sông bắt cơm xong rồi phải nán lại trước TV để xem X-Men Evolution trên Cartoon Network.|tôi vẫn nhớ rất rõ hồi đấy đá bội sông bắt cơm xong rồi phải nán lại trước ti vi để xem x men evolution trên cartoon network. 
Tat_tan_tat_vu_tru_DI_NHAN_pha_00002_5.05s|Xem xong quên tắt TV, há hức bộ trại đi học thêm để kịp bàn luận với bọn bạn về tập vừa chiếu.|xem xong quên tắt ti vi, há hức bộ trại đi học thêm để kịp bàn luận với bọn bạn về tập vừa chiếu. 
Tat_tan_tat_vu_tru_DI_NHAN_pha_00003_4.73s|Nội dung thì không phải là kiểu bình luận phê bình cái thứ đâu mà chỉ là Tao thích ông này hơn, không, ông kia mạnh hơn,|nội dung thì không phải là kiểu bình luận phê bình cái thứ đâu mà chỉ là tao thích ông này hơn, không, ông kia mạnh hơn, 
Tat_tan_tat_vu_tru_DI_NHAN_pha_00004_3.34s|bà này xinh hơn, không, tao là người xói, không, tao là Cyclops bất cứ.|bà này xinh hơn, không, tao là người xói, không, tao là cyclops bất cứ. 
Tat_tan_tat_vu_tru_DI_NHAN_pha_00005_5.00s|Và rồi một ngày đẹp trời tôi được chạm tay vào đĩa DVD X-Men mà bố mua về cho.|và rồi một ngày đẹp trời tôi được chạm tay vào đĩa dvd x men mà bố mua về cho. 
Tat_tan_tat_vu_tru_DI_NHAN_pha_00006_4.33s|Lúc đấy mình nhìn thấy giáo sư X đầu chập xong là người xói dâu quái nón bằng xương bằng thịt.|lúc đấy mình nhìn thấy giáo sư x đầu chập xong là người xói dâu quái nón bằng xương bằng thịt. 
Tat_tan_tat_vu_tru_DI_NHAN_pha_00007_2.61s|Hú... Chả ngủ phê.|hú... chả ngủ phê. 
Tat_tan_tat_vu_tru_DI_NHAN_pha_00008_3.89s|Chứ kể không phải chị màu xanh biết biến hình xong rồi không có con áo để xem phê vai đái.|chứ kể không phải chị màu xanh biết biến hình xong rồi không có con áo để xem phê vai đái. 
Tat_tan_tat_vu_tru_DI_NHAN_pha_00009_4.29s|Khoảng khách đó với một đứa trẻ nó giống như kiểu một thân trời mới, một ký ức lõi được mở ra.|khoảng khách đó với một đứa trẻ nó giống như kiểu một thân trời mới, một ký ức lõi được mở ra. 
Tat_tan_tat_vu_tru_DI_NHAN_pha_00010_5.23s|Tính từ năm 2000 đến nay, tức là tròn 26 năm, Vũ trụ X-Men đã cho ra đời 14 phim điện ảnh live action.|tính từ năm hai nghìn đến nay, tức là tròn hai mươi sáu năm, vũ trụ x men đã cho ra đời mười bốn phim điện ảnh live action. 
Tat_tan_tat_vu_tru_DI_NHAN_pha_00011_2.18s|Và câu chuyện hậu trường thì chắc các anh em cũng biết cả rồi.|và câu chuyện hậu trường thì chắc các anh em cũng biết cả rồi. 
Tat_tan_tat_vu_tru_DI_NHAN_pha_00012_2.57s|Marvel có thời điểm suýt phá sản nên là phải bán bản quyền.|marvel có thời điểm suýt phá sản nên là phải bán bản quyền. 
Tat_tan_tat_vu_tru_DI_NHAN_pha_00013_3.57s|Người nhện thì bán cho Sony, X-Men với F4 thì bán cho Fox.|người nhện thì bán cho sony, x men với f bốn thì bán cho fox. 
Tat_tan_tat_vu_tru_DI_NHAN_pha_00014_4.03s|Fox mua bản quyền X-Men từ năm 1994 với giá chỉ có 2,5 triệu đô.|fox mua bản quyền x men từ năm một nghìn chín trăm chín mươi tư với giá chỉ có hai, năm triệu đô. 
Tat_tan_tat_vu_tru_DI_NHAN_pha_00015_3.67s|Cho đến khi Disney mua luôn Marvel thì anh em X-Men mới được về chung một nhà.|cho đến khi đýts ni mua luôn marvel thì anh em x men mới được về chung một nhà. 
Tat_tan_tat_vu_tru_DI_NHAN_pha_00016_2.21s|Còn người nhện thì bây giờ vẫn đang ở nhà hàng xóm.|còn người nhện thì bây giờ vẫn đang ở nhà hàng xóm. 
Tat_tan_tat_vu_tru_DI_NHAN_pha_00017_4.25s|Tính tổng từ phim đầu tiên tới nay thì Vũ trụ X-Men đã mang về hơn 6 tỷ đô doanh thu.|tính tổng từ phim đầu tiên tới nay thì vũ trụ x men đã mang về hơn sáu tỷ đô doanh thu. 
Tat_tan_tat_vu_tru_DI_NHAN_pha_00018_5.07s|Và câu hỏi đặt ra là 6 tỷ đô này có thực sự xứng đáng để chúng ta bỏ thời gian ra xem hết không?|và câu hỏi đặt ra là sáu tỷ đô này có thực sự xứng đáng để chúng ta bỏ thời gian ra xem hết không? 
Tat_tan_tat_vu_tru_DI_NHAN_pha_00019_5.04s|Trong video này thì chúng ta sẽ cùng ngồi lại xem từng phần 1 để xem xem là X-Men rút cuộc đã làm tốt đến đâu.|trong vi đi ô này thì chúng ta sẽ cùng ngồi lại xem từng phần một để xem xem là x men rút cuộc đã làm tốt đến đâu. 
Tat_tan_tat_vu_tru_DI_NHAN_pha_00020_2.19s|Và không hay ở chỗ nào. Ok, bắt đầu thôi.|và không hay ở chỗ nào. ô kê, bắt đầu thôi. 
Tat_tan_tat_vu_tru_DI_NHAN_pha_00021_6.47s|Vũ trụ diện nhân chính thức bắt đầu với X -Men năm 2000.|vũ trụ diện nhân chính thức bắt đầu với x men năm hai nghìn. 
Tat_tan_tat_vu_tru_DI_NHAN_pha_00022_3.71s|Mở màn phim là năm 1944 khi mà Ba Lan đang bị phát xét đức chém đóng.|mở màn phim là năm một nghìn chín trăm bốn mươi tư khi mà ba lan đang bị phát xét đức chém đóng. 
Tat_tan_tat_vu_tru_DI_NHAN_pha_00023_4.68s|Cậu bé Erik Lanscher, 14 tuổi, bị kéo khỏi bóng tay của cha mẹ và đưa vào trại tập trung Oxford.|cậu bé erik lanscher, mười bốn tuổi, bị kéo khỏi bóng tay của cha mẹ và đưa vào trại tập trung oxford. 
Tat_tan_tat_vu_tru_DI_NHAN_pha_00024_4.17s|Bà chính tại đây, trong khoảnh khắc tuyệt vọng nhất thì Erik lần đầu tiên show ra nội tạ của mình.|bà chính tại đây, trong khoảnh khắc tuyệt vọng nhất thì erik lần đầu tiên sâu ra nội tạ của mình. 
Tat_tan_tat_vu_tru_DI_NHAN_pha_00025_7.58s|Chuyển sang thời hiện đại thì tại Mỹ, thượng nghị sĩ Robert Kelly đang cố thông qua đạo luật đăng ký đột biến buộc tất cả Newton phải công khai danh tính và năng lực.|chuyển sang thời hiện đại thì tại mỹ, thượng nghị sĩ robert kelly đang cố thông qua đạo luật đăng ký đột biến buộc tất cả newton phải công khai danh tính và năng lực. 
Tat_tan_tat_vu_tru_DI_NHAN_pha_00026_4.77s|Ở phía đối diện thì nhà ngoại cảm đột biến Charles Xavier cảm nhận được sự hiện diện của Erik năm xưa.|ở phía đối diện thì nhà ngoại cảm đột biến charles xavier cảm nhận được sự hiện diện của erik năm xưa. 
Tat_tan_tat_vu_tru_DI_NHAN_pha_00027_5.68s|Giờ đã trở thành Magneto và Xavier lo lắng không phải vì đạo luật mà là vì cách Magneto sẽ phản ứng trước nó.|giờ đã trở thành magneto và xavier lo lắng không phải vì đạo luật mà là vì cách magneto sẽ phản ứng trước nó. 
Tat_tan_tat_vu_tru_DI_NHAN_pha_00028_3.89s|Cùng lúc đó ở Mississippi, cô bé Mary 17 tuổi đang hôn bạn trai.|cùng lúc đó ở mississippi, cô bé mary mười bảy tuổi đang hôn bạn trai. 
Tat_tan_tat_vu_tru_DI_NHAN_pha_00029_8.27s|Anh em này cũng hôn lại nhưng mà là hôn mê luôn. Không phải hôn mê vì lần đầu được hôn gái mà là vì do năng lực đột biến của Mary là cứ trạm là hút sinh lực và sức mạnh của người đối diện.|anh em này cũng hôn lại nhưng mà là hôn mê luôn. không phải hôn mê vì lần đầu được hôn gái mà là vì do năng lực đột biến của mary là cứ trạm là hút sinh lực và sức mạnh của người đối diện. 
Tat_tan_tat_vu_tru_DI_NHAN_pha_00030_5.28s|Mary lấy rap name là Rock bỏ trốn lên Absta và gặp Logan chính là Wolverine mà chúng ta đều biết.|mary lấy rap name là rock bỏ trốn lên absta và gặp logan chính là wolverine mà chúng ta đều biết. 
Tat_tan_tat_vu_tru_DI_NHAN_pha_00031_3.22s|Trên đường đi thì hai người bị xây bờ, thuộc hội anh em của Magneto tấn công.|trên đường đi thì hai người bị xây bờ, thuộc hội anh em của magneto tấn công. 
Tat_tan_tat_vu_tru_DI_NHAN_pha_00032_3.55s|May là đệ tử của Xavier là Cyclops và Storm xuất hiện để cứu viện.|may là đệ tử của xavier là cyclops và storm xuất hiện để cứu viện. 
Tat_tan_tat_vu_tru_DI_NHAN_pha_00033_4.35s|Logan và Rope được đưa về trường học dành cho người đột biến của Xavier ở Wchester, New York.|logan và rope được đưa về trường học dành cho người đột biến của xavier ở wchester, new york. 
Tat_tan_tat_vu_tru_DI_NHAN_pha_00034_4.15s|Xavier nghi Magneto đang nhắm tới Logan nên đề nghị anh ở lại trong lúc điều tra.|xavier nghi magneto đang nhắm tới logan nên đề nghị anh ở lại trong lúc điều tra. 
Tat_tan_tat_vu_tru_DI_NHAN_pha_00035_3.46s|Rope thì nhập học và lại có cảm tình với Bobby Drake, một dị nhân điều khiển băng.|rope thì nhập học và lại có cảm tình với bobby drake, một dị nhân điều khiển băng. 
Tat_tan_tat_vu_tru_DI_NHAN_pha_00036_2.24s|Hứa hẹn tương lai lại có thêm người yêu hôn mê.|hứa hẹn tương lai lại có thêm người yêu hôn mê. 
Tat_tan_tat_vu_tru_DI_NHAN_pha_00037_5.06s|Trong khi đó thì hội anh em Magneto, gồm Thốt và Mystic, bắt cấp thượng nghị sĩ Kelly và đưa ra đảo Genosha.|trong khi đó thì hội anh em magneto, gồm thốt và mystic, bắt cấp thượng nghị sĩ kelly và đưa ra đảo genosha. 
Tat_tan_tat_vu_tru_DI_NHAN_pha_00038_3.75s|Magneto dùng Kelly làm thí nghiệm cho cổ máy kích phát đột biến ở người thường.|magneto dùng kelly làm thí nghiệm cho cổ máy kích phát đột biến ở người thường. 
Tat_tan_tat_vu_tru_DI_NHAN_pha_00039_4.01s|Và thế là Kelly bị đột biến rồi trốn thoát được. Rope đến thăm Logan, người đang gặp ác mộng.|và thế là kelly bị đột biến rồi trốn thoát được. rope đến thăm logan, người đang gặp ác mộng. 
Tat_tan_tat_vu_tru_DI_NHAN_pha_00040_5.34s|Logan giật mình tỉnh dậy và xin luôn Rock. Nhưng may là Rock đã kịp hấp thụ khả năng hồi phục của Logan nên là sống sót.|logan giật mình tỉnh dậy và xin luôn rock. nhưng may là rock đã kịp hấp thụ khả năng hồi phục của logan nên là sống sót. 
Tat_tan_tat_vu_tru_DI_NHAN_pha_00041_5.34s|Mystic lúc này giả dạng Bobby Drake để lừa Rock rằng Xavier đang giận cô nên là cô phải rời khỏi trường.|mystic lúc này giả dạng bobby drake để lừa rock rằng xavier đang giận cô nên là cô phải rời khỏi trường. 
Tat_tan_tat_vu_tru_DI_NHAN_pha_00042_4.83s|Xavier dùng Cerebro định vị được Rope tại một nhà ga thế là nhóm X-Men lên đường để đưa cô về.|xavier dùng cerebro định vị được rope tại một nhà ga thế là nhóm x men lên đường để đưa cô về. 
Tat_tan_tat_vu_tru_DI_NHAN_pha_00043_2.72s|Trong lúc đó thì Mystic lẻn vào Cerebro và phá hoại nó.|trong lúc đó thì mystic lẻn vào cerebro và phá hoại nó. 
Tat_tan_tat_vu_tru_DI_NHAN_pha_00044_4.55s|Logan tìm được Rope, thuyết phục cô quay lại nhờ Magneto xuất hiện, khống chế Logan và bắt Rope đi.|logan tìm được rope, thuyết phục cô quay lại nhờ magneto xuất hiện, khống chế logan và bắt rope đi. 
Tat_tan_tat_vu_tru_DI_NHAN_pha_00045_4.35s|Xavier điều khiển tâm trí Sabre Thút nhưng mà buộc phải thả lỏng khi mà Magneto đe dọa.|xavier điều khiển tâm trí sabre thút nhưng mà buộc phải thả lỏng khi mà magneto đe dọa. 
Tat_tan_tat_vu_tru_DI_NHAN_pha_00046_2.96s|Và sau đó thì cảnh sát bao vây nhà ga, hộ anh em trốn thoát cùng Rope.|và sau đó thì cảnh sát bao vây nhà ga, hộ anh em trốn thoát cùng rope. 
Tat_tan_tat_vu_tru_DI_NHAN_pha_00047_4.67s|Kelly tìm đến trường của Xavier. Xavier đọc tâm trí ông và biết được cách vận hành của cổ máy.|kelly tìm đến trường của xavier. xavier đọc tâm trí ông và biết được cách vận hành của cổ máy. 
Tat_tan_tat_vu_tru_DI_NHAN_pha_00048_4.18s|Cả nhóm nhận ra rằng áp lực của cổ máy đã suýt chết Magneto, chắc là tại vì ông này già rồi.|cả nhóm nhận ra rằng áp lực của cổ máy đã suýt chết magneto, chắc là tại vì ông này già rồi. 
Tat_tan_tat_vu_tru_DI_NHAN_pha_00049_5.87s|Và kế hoạch thực sự của Magneto là chuyển sức mạnh sang Rope, bắt cô vận hành máy rồi biết điều này sẽ khiến cô yếu.|và kế hoạch thực sự của magneto là chuyển sức mạnh sang rope, bắt cô vận hành máy rồi biết điều này sẽ khiến cô yếu. 
Tat_tan_tat_vu_tru_DI_NHAN_pha_00050_3.61s|Kelly không chịu nổi sự đột biến nên là cơ thể ông ta tan chảy thành chất lỏng.|kelly không chịu nổi sự đột biến nên là cơ thể ông ta tan chảy thành chất lỏng. 
Tat_tan_tat_vu_tru_DI_NHAN_pha_00051_5.17s|Xavier cố dùng Cerebro để tìm Rock nhưng mà Mystic lại gây rối khiến Xavier bị thương và hôn mê.|xavier cố dùng cerebro để tìm rock nhưng mà mystic lại gây rối khiến xavier bị thương và hôn mê. 
Tat_tan_tat_vu_tru_DI_NHAN_pha_00052_2.69s|Thế là Jean Grey phải dùng Cerebro thay thầy.|thế là jean grey phải dùng cerebro thay thầy. 
Tat_tan_tat_vu_tru_DI_NHAN_pha_00053_6.56s|Cô phát hiện ra hội anh em đã đặt cổ máy lên tượng nữ thần tự do để đột biến tất cả lãnh đạo trên thế giới đang giữ hội nghị tại đảo Elysse.|cô phát hiện ra hội anh em đã đặt cổ máy lên tượng nữ thần tự do để đột biến tất cả lãnh đạo trên thế giới đang giữ hội nghị tại đảo elysse. 
Tat_tan_tat_vu_tru_DI_NHAN_pha_00054_2.92s|Thế là nhóm X -Men lau lên tượng, đánh nhau và áp đảo hộ anh em.|thế là nhóm x men lau lên tượng, đánh nhau và áp đảo hộ anh em. 
Tat_tan_tat_vu_tru_DI_NHAN_pha_00055_2.37s|Magneto chuyển sức mạnh sang Rope và kích hoạt cổ máy.|magneto chuyển sức mạnh sang rope và kích hoạt cổ máy. 
Tat_tan_tat_vu_tru_DI_NHAN_pha_00056_3.17s|Logan lao vào đánh lạc hướng Magneto để Cyclops hạ gục hắn.|logan lao vào đánh lạc hướng magneto để cyclops hạ gục hắn. 
Tat_tan_tat_vu_tru_DI_NHAN_pha_00057_4.31s|Logan phá hủy cổ máy, chuyển sức mạnh của mình cho Rope, giúp cô sống lại nhưng mà bản thân thì kiệt sức.|logan phá hủy cổ máy, chuyển sức mạnh của mình cho rope, giúp cô sống lại nhưng mà bản thân thì kiệt sức. 
Tat_tan_tat_vu_tru_DI_NHAN_pha_00058_5.05s|Sau trận chiến thì Xavier và Logan hồi phục và cả nhóm phát hiện Mystic đã trốn thoát và đang giả dạng Kelly.|sau trận chiến thì xavier và logan hồi phục và cả nhóm phát hiện mystic đã trốn thoát và đang giả dạng kelly. 
Tat_tan_tat_vu_tru_DI_NHAN_pha_00059_3.38s|Logan đi tìm lại quá khứ tại một cơ sở quân sự bỏ hoang ở Canada.|logan đi tìm lại quá khứ tại một cơ sở quân sự bỏ hoang ở canada. 
Tat_tan_tat_vu_tru_DI_NHAN_pha_00060_4.65s|Và sau đó, Xavier thăm Magneto, giờ thì bị giam trong nhà tù bằng nhựa Polycarbonat.|và sau đó, xavier thăm magneto, giờ thì bị giam trong nhà tù bằng nhựa polycarbonat. 
Tat_tan_tat_vu_tru_DI_NHAN_pha_00061_5.49s|Magneto cảnh báo là một ngày nào đó, ông ta sẽ trốn thoát, còn Xavier đáp lại là tôi sẽ luôn ở đó để ngăn cậu.|magneto cảnh báo là một ngày nào đó, ông ta sẽ trốn thoát, còn xavier đáp lại là tôi sẽ luôn ở đó để ngăn cậu. 
Tat_tan_tat_vu_tru_DI_NHAN_pha_00062_5.58s|Trước khi có MCU thì X-Men chính là công thần lập quốc của phim siêu anh hùng Marvel và phải công nhận là Fox sẽ làm rất là tốt.|trước khi có mcu thì x men chính là công thần lập quốc của phim siêu anh hùng marvel và phải công nhận là fox sẽ làm rất là tốt. 
Tat_tan_tat_vu_tru_DI_NHAN_pha_00063_7.95s|Nếu mà phim siêu anh hùng thời đó chủ yếu là phô diễn sức mạnh rồi la vào đấm nhau, thì X-Men dùng câu chuyện dị nhân để nói về kỳ thị chủng tộc và nỗi sợ trước sự khác biệt.|nếu mà phim siêu anh hùng thời đó chủ yếu là phô diễn sức mạnh rồi la vào đấm nhau, thì x men dùng câu chuyện dị nhân để nói về kỳ thị chủng tộc và nỗi sợ trước sự khác biệt. 
Tat_tan_tat_vu_tru_DI_NHAN_pha_00064_5.42s|Xavier và Magneto đại diện cho hai tư tưởng đối lập, nó giống như Martin Luther King và lại Malcolm X.|xavier và magneto đại diện cho hai tư tưởng đối lập, nó giống như martin luther king và lại malcolm x. 
Tat_tan_tat_vu_tru_DI_NHAN_pha_00065_4.97s|Xavier thì tin vào hòa nhập, tin rằng nếu Magneto giúp đỡ con người thì họ sẽ được chấp nhận.|xavier thì tin vào hòa nhập, tin rằng nếu magneto giúp đỡ con người thì họ sẽ được chấp nhận. 
Tat_tan_tat_vu_tru_DI_NHAN_pha_00066_6.77s|Magneto là nạn nhân của Holocaust nên ông hoàn toàn không tin vào lòng tốt của loài người và thấy đạo luật đăng ký Magneto chỉ là lịch sử đáp lại.|magneto là nạn nhân của holocaust nên ông hoàn toàn không tin vào lòng tốt của loài người và thấy đạo luật đăng ký magneto chỉ là lịch sử đáp lại. 
Tat_tan_tat_vu_tru_DI_NHAN_pha_00067_3.53s|Cái hay của phim này là chúng ta thấy cả hai bên đều đúng, chẳng có bên nào là sai cả.|cái hay của phim này là chúng ta thấy cả hai bên đều đúng, chẳng có bên nào là sai cả. 
Tat_tan_tat_vu_tru_DI_NHAN_pha_00068_4.79s|Nên nó tạo chúng ta cảm giác bên nào thắng cũng hay và không biết củ vũ cho bên nào.|nên nó tạo chúng ta cảm giác bên nào thắng cũng hay và không biết củ vũ cho bên nào. 
Tat_tan_tat_vu_tru_DI_NHAN_pha_00069_5.30s|Cảnh mở đầu ở Auschwitz thì mưa xám xịt, không màu mè, đã đặt một cái niềm tông cực kỳ nặng và nghiêm túc cho phim.|cảnh mở đầu ở auschwitz thì mưa xám xịt, không màu mè, đã đặt một cái niềm tông cực kỳ nặng và nghiêm túc cho phim. 
Tat_tan_tat_vu_tru_DI_NHAN_pha_00070_6.48s|Tách biệt hoàn toàn với phim Sơn Bình Thùng trước đấy. Gian Carp xì khỏi bã nồi, phù thủy Gandalf và thuyền trưởng Picard đứng ở hai chiến tuyến.|tách biệt hoàn toàn với phim sơn bình thùng trước đấy. gian carp xì khỏi bã nồi, phù thủy gandalf và thuyền trưởng picard đứng ở hai chiến tuyến. 
Tat_tan_tat_vu_tru_DI_NHAN_pha_00071_4.41s|Patrick Stewart và Ian McKellen là hai tượng đài diễn xuất mang lại sức nặng kinh khủng.|patrick stewart và ian mckellen là hai tượng đài diễn xuất mang lại sức nặng kinh khủng. 
Tat_tan_tat_vu_tru_DI_NHAN_pha_00072_3.90s|Cuộc đối đầu của họ thì không chỉ là sức mạnh mà bằng những ván cờ vua đầy chất lý.|cuộc đối đầu của họ thì không chỉ là sức mạnh mà bằng những ván cờ vua đầy chất lý. 
Tat_tan_tat_vu_tru_DI_NHAN_pha_00073_6.28s|Hugh Jackman thì trước khi trở thành đông bị nhầm từ trồn thành sói là một diễn viên vô danh và sau X-Men thì anh trở thành huyền thoại.|hugh jackman thì trước khi trở thành đông bị nhầm từ trồn thành sói là một diễn viên vô danh và sau x men thì anh trở thành huyền thoại. 
Tat_tan_tat_vu_tru_DI_NHAN_pha_00074_4.01s|Wolverine trước khi vào trường là Logan hoang dã, hút xì gà, uống bia, thích solo.|wolverine trước khi vào trường là logan hoang dã, hút xì gà, uống bia, thích solo. 
Tat_tan_tat_vu_tru_DI_NHAN_pha_00075_3.57s|Còn vào trường rồi thì vẫn hút xì gà, uống bia nhưng biết đánh theo team hơn.|còn vào trường rồi thì vẫn hút xì gà, uống bia nhưng biết đánh theo team hơn. 
Tat_tan_tat_vu_tru_DI_NHAN_pha_00076_2.61s|Bắt đầu thì Logan không phải là anh hùng, chỉ là một kẻ ngoài lề.|bắt đầu thì logan không phải là anh hùng, chỉ là một kẻ ngoài lề. 
Tat_tan_tat_vu_tru_DI_NHAN_pha_00077_3.95s|Nhưng mà thông qua Logan và Rope thì khán giả mới dần khám phá thế giới dị nhân phức tạp.|nhưng mà thông qua logan và rope thì khán giả mới dần khám phá thế giới dị nhân phức tạp. 
Tat_tan_tat_vu_tru_DI_NHAN_pha_00078_2.89s|Cái việc chọn Rope làm trung tâm dẫn chuyện là một quyết định khá đúng.|cái việc chọn rope làm trung tâm dẫn chuyện là một quyết định khá đúng. 
Tat_tan_tat_vu_tru_DI_NHAN_pha_00079_5.02s|Cái nỗi sợ hôn ai là người đấy bị hôn mê, biến cái bi kịch của người đột biến trở nên rất là gần.|cái nỗi sợ hôn ai là người đấy bị hôn mê, biến cái bi kịch của người đột biến trở nên rất là gần. 
Tat_tan_tat_vu_tru_DI_NHAN_pha_00080_2.33s|Nhưng nói thật là nếu mà tôi có đột biến như Wolverine thì ngầu phết.|nhưng nói thật là nếu mà tôi có đột biến như wolverine thì ngầu phết. 
Tat_tan_tat_vu_tru_DI_NHAN_pha_00081_2.93s|Còn đột biến cái kiểu chạm ai là hút sinh lực người đấy thì khá là bi kịch.|còn đột biến cái kiểu chạm ai là hút sinh lực người đấy thì khá là bi kịch. 
Tat_tan_tat_vu_tru_DI_NHAN_pha_00082_4.13s|Mấy ông mà có đột biến ngầu xong bảo đấy là món quà rồi bắt người ta giữ lại thì tôi thấy cũng hơi bất công.|mấy ông mà có đột biến ngầu xong bảo đấy là món quà rồi bắt người ta giữ lại thì tôi thấy cũng hơi bất công. 
Tat_tan_tat_vu_tru_DI_NHAN_pha_00083_2.27s|Và cái vấn đề này thì nó theo suốt cả series sau đó.|và cái vấn đề này thì nó theo suốt cả series sau đó. 
Tat_tan_tat_vu_tru_DI_NHAN_pha_00084_5.51s|Phim này thì nó bỏ mấy cái bộ đồ màu mè trong chuyện tranh và chuyển sang đồng phục màu đen, khiến phim trong nó hiện đại và nghiêm túc hơn.|phim này thì nó bỏ mấy cái bộ đồ màu mè trong chuyện tranh và chuyển sang đồng phục màu đen, khiến phim trong nó hiện đại và nghiêm túc hơn. 
Tat_tan_tat_vu_tru_DI_NHAN_pha_00085_4.74s|Rồi lại thì bị fan chê tơi tả. Những cảnh ở nhà ga hay là trận chiến tại nữ thần tự do thì đều rất là đỉnh.|rồi lại thì bị phan chê tơi tả. những cảnh ở nhà ga hay là trận chiến tại nữ thần tự do thì đều rất là đỉnh. 
Tat_tan_tat_vu_tru_DI_NHAN_pha_00086_4.35s|Bác Nito điều khiển súng và nói là người ta hay nói về vũ khí như thể là chúng bảo vệ họ.|bác nito điều khiển súng và nói là người ta hay nói về vũ khí như thể là chúng bảo vệ họ. 
Tat_tan_tat_vu_tru_DI_NHAN_pha_00087_3.77s|Nhưng mà sự thật là chúng chỉ khiến tôi tiêu diệt họ dễ hơn là một cảnh cực kỳ địa ảnh.|nhưng mà sự thật là chúng chỉ khiến tôi tiêu diệt họ dễ hơn là một cảnh cực kỳ địa ảnh. 
Tat_tan_tat_vu_tru_DI_NHAN_pha_00088_4.94s|Cơ h bên cạnh đấy thì cũng có Storm với câu là cậu biết gì xảy ra với mấy con góc khi bị xét đánh không?|cơ h bên cạnh đấy thì cũng có storm với câu là cậu biết gì xảy ra với mấy con góc khi bị xét đánh không? 
Tat_tan_tat_vu_tru_DI_NHAN_pha_00089_6.05s|Khá là khá ring đấy. Kỹ xảo thì nếu mà so với Titanic hay Jurassic Park thì nó vẫn hơi lỏ nhưng mà ở thời điểm đó thì chấp nhận được.|khá là khá ring đấy. kỹ xảo thì nếu mà so với titanic hay jurassic park thì nó vẫn hơi lỏ nhưng mà ở thời điểm đó thì chấp nhận được. 
Tat_tan_tat_vu_tru_DI_NHAN_pha_00090_4.52s|Ngoài Wolverine, Rogue, Xavier và Magneto thì những người còn lại thì hơi mờ nhạt và ít đất diễn.|ngoài wolverine, rogue, xavier và magneto thì những người còn lại thì hơi mờ nhạt và ít đất diễn. 
Tat_tan_tat_vu_tru_DI_NHAN_pha_00091_6.79s|Không hiểu sao Wolverine lại được yêu ái hơn nhiều khiến tôi khi xem phim thì cảm giác là kiểu Wolverine và những người bạn hơi là một nhóm dị nhân.|không hiểu sao wolverine lại được yêu ái hơn nhiều khiến tôi khi xem phim thì cảm giác là kiểu wolverine và những người bạn hơi là một nhóm dị nhân. 
Tat_tan_tat_vu_tru_DI_NHAN_pha_00092_4.05s|Tổng kết lại thì với tư cách là phim mở màn thì X-Men 2000 đã hoàn thành tốt nhiệm vụ.|tổng kết lại thì với tư cách là phim mở màn thì x men hai nghìn đã hoàn thành tốt nhiệm vụ. 
Tat_tan_tat_vu_tru_DI_NHAN_pha_00093_10.71s|Vẫn là một bộ phim đáng xem. Và 3 năm sau phần này thì chúng ta có phần tiếp theo với một cái tên khá sáng tạo là X-2.|vẫn là một bộ phim đáng xem. và ba năm sau phần này thì chúng ta có phần tiếp theo với một cái tên khá sáng tạo là x hai. 
Tat_tan_tat_vu_tru_DI_NHAN_pha_00094_2.23s|Tên đầy đủ là X-2, X-Men United.|tên đầy đủ là x hai, x men united. 
Tat_tan_tat_vu_tru_DI_NHAN_pha_00095_3.23s|X-Men United. Mở màn phim là một pha khá điện ảnh.|x men united. mở màn phim là một pha khá điện ảnh. 
Tat_tan_tat_vu_tru_DI_NHAN_pha_00096_5.42s|Tại Nhà Trắng có một dị nhân có khả năng dịch truyền tức thời là Nightcrawler đột nhập vào tấn công tổng thống Hoa Kỳ.|tại nhà trắng có một dị nhân có khả năng dịch truyền tức thời là nightcrawler đột nhập vào tấn công tổng thống hoa kỳ. 
Tat_tan_tat_vu_tru_DI_NHAN_pha_00097_3.25s|Anh này bị bán trúng và buộc phải rút lui và ngay lập tức nước Mỹ hoảng loạn.|anh này bị bán trúng và buộc phải rút lui và ngay lập tức nước mỹ hoảng loạn. 
Tat_tan_tat_vu_tru_DI_NHAN_pha_00098_2.66s|Trong khi đó thì Wolverine đang tiếp tục hành trình tìm lại quá khứ của mình.|trong khi đó thì wolverine đang tiếp tục hành trình tìm lại quá khứ của mình. 
Tat_tan_tat_vu_tru_DI_NHAN_pha_00099_4.67s|Anh quay lại một cơ sở quân sự bỏ hoang ở hồ Akali nhưng mà kết quả chỉ tìm thấy đúng cái nịt.|anh quay lại một cơ sở quân sự bỏ hoang ở hồ akali nhưng mà kết quả chỉ tìm thấy đúng cái nịt. 
Tat_tan_tat_vu_tru_DI_NHAN_pha_00100_3.56s|Cùng lúc đó thì Jean Grey liên tục cập nhật ác mộng và ngày càng khó kiểm soát năng lực.|cùng lúc đó thì jean grey liên tục cập nhật ác mộng và ngày càng khó kiểm soát năng lực. 
Tat_tan_tat_vu_tru_DI_NHAN_pha_00101_4.35s|Logan quay về trường của Xavier. Xavier dùng Cerebro và định vị được Nightcrawler.|logan quay về trường của xavier. xavier dùng cerebro và định vị được nightcrawler. 
Tat_tan_tat_vu_tru_DI_NHAN_pha_00102_2.65s|Ông cùng Cyclops đi thẩm vấn Magneto đang bị giam giữ.|ông cùng cyclops đi thẩm vấn magneto đang bị giam giữ. 
Tat_tan_tat_vu_tru_DI_NHAN_pha_00103_2.58s|Trong khi đó thì Jean và Storm lên đường tìm Nightcrawler.|trong khi đó thì jean và storm lên đường tìm nightcrawler. 
Tat_tan_tat_vu_tru_DI_NHAN_pha_00104_6.75s|Ở một diễn biến khác thì đại tá William Stryker tiếp cận tổng thống và được bật đèn xanh để điều tra danh thượng của Xavier với lý do an ninh quốc gia.|ở một diễn biến khác thì đại tá william stryker tiếp cận tổng thống và được bật đèn xanh để điều tra danh thượng của xavier với lý do an ninh quốc gia. 
Tat_tan_tat_vu_tru_DI_NHAN_pha_00105_6.14s|Và kết quả là quân của Stryker tấn công trường học và bắt cắp một số học sinh hy vọng là không đưa đến hòn đảo nào đó có ngôi nhà màu xanh trắng.|và kết quả là quân của stryker tấn công trường học và bắt cắp một số học sinh hy vọng là không đưa đến hòn đảo nào đó có ngôi nhà màu xanh trắng. 
Tat_tan_tat_vu_tru_DI_NHAN_pha_00106_2.25s|Cô Lục xús dẫn các học sinh còn lại đi sơ tán.|cô lục xús dẫn các học sinh còn lại đi sơ tán. 
Tat_tan_tat_vu_tru_DI_NHAN_pha_00107_3.32s|Trong lúc đó thì Logan, Rogue, Iceman và Pyro chạy trốn thành công.|trong lúc đó thì logan, rogue, iceman và pyro chạy trốn thành công. 
Tat_tan_tat_vu_tru_DI_NHAN_pha_00108_3.61s|Trợ lý của Stryker là Ruriko Ojama, bắt giữ được Cyclops và Xavier.|trợ lý của stryker là ruriko ojama, bắt giữ được cyclops và xavier. 
Tat_tan_tat_vu_tru_DI_NHAN_pha_00109_6.97s|Trong lúc hỗn loạn thì Logan đã đối mặt trực tiếp với Stryker và Stryker gọi anh bằng cái tên Wolverine và tỏ ra biết rất rõ về quá khứ của Logan.|trong lúc hỗn loạn thì logan đã đối mặt trực tiếp với stryker và stryker gọi anh bằng cái tên wolverine và tỏ ra biết rất rõ về quá khứ của logan. 
Tat_tan_tat_vu_tru_DI_NHAN_pha_00110_3.99s|Ở trong tù thì Mystic giúp Magneto vượt ngục và lấy được bản thiết kế của Cerebro.|ở trong tù thì mystic giúp magneto vượt ngục và lấy được bản thiết kế của cerebro. 
Tat_tan_tat_vu_tru_DI_NHAN_pha_00111_3.43s|Logan, Rogue, Iceman và Pyro đến nhà của Iceman ở Boston.|logan, rogue, iceman và pyro đến nhà của iceman ở boston. 
Tat_tan_tat_vu_tru_DI_NHAN_pha_00112_3.17s|Và đúng kiểu phim Mỹ, tình nghĩa gia đình mỏng như dây gói kẹo.|và đúng kiểu phim mỹ, tình nghĩa gia đình mỏng như dây gói kẹo. 
Tat_tan_tat_vu_tru_DI_NHAN_pha_00113_3.47s|Em trai của Iceman sau khi biết anh mình là dị nhân thì đã gọi cảnh sát.|em trai của iceman sau khi biết anh mình là dị nhân thì đã gọi cảnh sát. 
Tat_tan_tat_vu_tru_DI_NHAN_pha_00114_4.63s|Chắc là tôi phải trở thành trùm buôn đồ lạnh mất.|chắc là tôi phải trở thành trùm buôn đồ lạnh mất. 
Tat_tan_tat_vu_tru_DI_NHAN_pha_00115_5.71s|Sau đó cảnh sát bao vây ngôi nhà. Một sĩ quan thấy Logan có vẻ đe dọa nên bắn thẳng vào đầu anh dù Logan là người da trắng.|sau đó cảnh sát bao vây ngôi nhà. một sĩ quan thấy logan có vẻ đe dọa nên bắn thẳng vào đầu anh dù logan là người da trắng. 
Tat_tan_tat_vu_tru_DI_NHAN_pha_00116_4.35s|Pyro phản công bằng lửa. Đúng lúc đó thì Storm, Jean và Nightcrawler đến giải cứu bằng X-Jett.|pyro phản công bằng lửa. đúng lúc đó thì storm, jean và nightcrawler đến giải cứu bằng x jett. 
Tat_tan_tat_vu_tru_DI_NHAN_pha_00117_4.53s|Hmm... theo logic đặt tên thì nếu là X-Man mà quay video thì phải gọi là X-Video đúng không?|hmm... theo logic đặt tên thì nếu là x man mà quay vi đi ô thì phải gọi là x vi đi ô đúng không? 
Tat_tan_tat_vu_tru_DI_NHAN_pha_00118_4.87s|Trên đường trở về, X-Jett bị máy bay trên đầu tấn công và bắn hạ nhưng mà Magneto xuất hiện và giải cứu cả nhóm.|trên đường trở về, x jett bị máy bay trên đầu tấn công và bắn hạ nhưng mà magneto xuất hiện và giải cứu cả nhóm. 
Tat_tan_tat_vu_tru_DI_NHAN_pha_00119_5.78s|Ông tiết lộ kế hoạch của Striker là hắn đã chế tạo một series bro thứ hai nhằm tiêu diệt toàn bộ dị nhân bằng ngoại cảm.|ông tiết lộ kế hoạch của striker là hắn đã chế tạo một series bro thứ hai nhằm tiêu diệt toàn bộ dị nhân bằng ngoại cảm. 
Tat_tan_tat_vu_tru_DI_NHAN_pha_00120_3.59s|Striker đã sử dụng chính con trai đột biến của mình là Jason để điều khiển Xavier.|striker đã sử dụng chính con trai đột biến của mình là jason để điều khiển xavier. 
Tat_tan_tat_vu_tru_DI_NHAN_pha_00121_6.15s|Trước đó thì Striker đã dùng Jason để điều khiển Nightcrawler tấn công nhà trắng nhằm lấy cớ xâm chiếm trường Xavier.|trước đó thì striker đã dùng jason để điều khiển nightcrawler tấn công nhà trắng nhằm lấy cớ xâm chiếm trường xavier. 
Tat_tan_tat_vu_tru_DI_NHAN_pha_00122_5.13s|Magneto cũng nói cho Logan biết là chính Striker là kẻ đã cấy Adamantium vào xương anh và xóa ký ức của anh.|magneto cũng nói cho logan biết là chính striker là kẻ đã cấy adamantium vào xương anh và xóa ký ức của anh. 
Tat_tan_tat_vu_tru_DI_NHAN_pha_00123_3.97s|Sau đó thì Jean Grey phát hiện căn cứ của Striker nằm trong một con đập tại hồ Akali.|sau đó thì jean grey phát hiện căn cứ của striker nằm trong một con đập tại hồ akali. 
Tat_tan_tat_vu_tru_DI_NHAN_pha_00124_8.66s|Mystic giả dạng Logan đột nhập căn cứ, cô mở đường cho các dị nhân tiến vào trong khi cô và Magneto đi vô hiệu hóa series bro trước khi Xavier bị tẩy não để kích hoạt nó.|mystic giả dạng logan đột nhập căn cứ, cô mở đường cho các dị nhân tiến vào trong khi cô và magneto đi vô hiệu hóa series bro trước khi xavier bị tẩy não để kích hoạt nó. 
Tat_tan_tat_vu_tru_DI_NHAN_pha_00125_4.11s|Storm và Nightcrawler giải cứu học sinh, và Jean thì đối đầu với Cyclops đang bị điều khiển.|storm và nightcrawler giải cứu học sinh, và jean thì đối đầu với cyclops đang bị điều khiển. 
Tat_tan_tat_vu_tru_DI_NHAN_pha_00126_2.71s|Jean đấm Cyclops cho tỉnh ngộ nhưng mà vô tình làm vỡ con đập.|jean đấm cyclops cho tỉnh ngộ nhưng mà vô tình làm vỡ con đập. 
Tat_tan_tat_vu_tru_DI_NHAN_pha_00127_5.21s|Logan tìm thấy Striker trong phòng đúc Adamantium và anh nhớ lại khoảnh khắc mình bị cấy bộ xương kim loại vào người.|logan tìm thấy striker trong phòng đúc adamantium và anh nhớ lại khoảnh khắc mình bị cấy bộ xương kim loại vào người. 
Tat_tan_tat_vu_tru_DI_NHAN_pha_00128_2.09s|Logan chiến đấu, dìm Yuriko bị heo.|logan chiến đấu, dìm yuriko bị heo. 
Tat_tan_tat_vu_tru_DI_NHAN_pha_00129_3.16s|Sau đó thì anh đuổi theo Striker tới bệ đáp trực thăng và xích hắn vào cánh máy bay.|sau đó thì anh đuổi theo striker tới bệ đáp trực thăng và xích hắn vào cánh máy bay. 
Tat_tan_tat_vu_tru_DI_NHAN_pha_00130_3.57s|Magneto chặn đứng series bro cùng với Mystic đang giả dạng Striker.|magneto chặn đứng series bro cùng với mystic đang giả dạng striker. 
Tat_tan_tat_vu_tru_DI_NHAN_pha_00131_3.96s|Ông giao lệnh cho Jason điều khiển Xavier để chuyển sang mục tiêu là tiêu diệt loại người.|ông giao lệnh cho jason điều khiển xavier để chuyển sang mục tiêu là tiêu diệt loại người. 
Tat_tan_tat_vu_tru_DI_NHAN_pha_00132_4.39s|Rồi sau đó thì hai người tẩu thoát bằng trực thăng. Pyro sau khi được Magneto thuyết phục đã đi theo ông ta.|rồi sau đó thì hai người tẩu thoát bằng trực thăng. pyro sau khi được magneto thuyết phục đã đi theo ông ta. 
Tat_tan_tat_vu_tru_DI_NHAN_pha_00133_2.31s|Nightcrawler dịch chuyển Storm vào bên trong series bro.|nightcrawler dịch chuyển storm vào bên trong series bro. 
Tat_tan_tat_vu_tru_DI_NHAN_pha_00134_3.99s|Storm đã tạo ra một cơn bão tuyết để phá vỡ sự tập trung của Jason và giải cứu Xavier.|storm đã tạo ra một cơn bão tuyết để phá vỡ sự tập trung của jason và giải cứu xavier. 
Tat_tan_tat_vu_tru_DI_NHAN_pha_00135_2.87s|Sau đó thì cả nhóm tháo chạy khi mà con đập bắt đầu sụp đổ.|sau đó thì cả nhóm tháo chạy khi mà con đập bắt đầu sụp đổ. 
Tat_tan_tat_vu_tru_DI_NHAN_pha_00136_2.12s|Nước lũ cuốn trôi tất cả bao gồm cả Striker.|nước lũ cuốn trôi tất cả bao gồm cả striker. 
Tat_tan_tat_vu_tru_DI_NHAN_pha_00137_3.20s|Nhưng mà XZ bị mất điện, chật vật khất cánh giữa dòng nước đang dâng.|nhưng mà xz bị mất điện, chật vật khất cánh giữa dòng nước đang dâng. 
Tat_tan_tat_vu_tru_DI_NHAN_pha_00138_4.53s|Jean Grey lặng lẽ bước ra ngoài, nói lời tạm biệt qua ngại cảm và dùng toàn bộ sức mạnh để ngăn dòng nước.|jean grey lặng lẽ bước ra ngoài, nói lời tạm biệt qua ngại cảm và dùng toàn bộ sức mạnh để ngăn dòng nước. 
Tat_tan_tat_vu_tru_DI_NHAN_pha_00139_4.97s|Nâng chức XZ lên cao, ngọn lửa bùng phát từ trong cơ thể rồi buông tay và nước lũ đổ ập xuống.|nâng chức xz lên cao, ngọn lửa bùng phát từ trong cơ thể rồi buông tay và nước lũ đổ ập xuống. 
Tat_tan_tat_vu_tru_DI_NHAN_pha_00140_6.25s|Nhóm X-Men giao hồ sơ của Striker cho Tổng thống kèm theo lời cảnh báo của Xavier là con người và dị nhân phải đoàn kết nên muốn hòa bình.|nhóm x men giao hồ sơ của striker cho tổng thống kèm theo lời cảnh báo của xavier là con người và dị nhân phải đoàn kết nên muốn hòa bình. 
Tat_tan_tat_vu_tru_DI_NHAN_pha_00141_4.40s|Tại trường học thì Xavier sai cố gần và lâu gần tưởng nhớ Jean khi mà Xavier mở lớp học mới.|tại trường học thì xavier sai cố gần và lâu gần tưởng nhớ jean khi mà xavier mở lớp học mới. 
Tat_tan_tat_vu_tru_DI_NHAN_pha_00142_4.40s|Nhưng mà ở dưới mặt nước hồ Akali thì một hình bóng giống như chim phượng hoàng từ từ hiện lên.|nhưng mà ở dưới mặt nước hồ akali thì một hình bóng giống như chim phượng hoàng từ từ hiện lên. 
Tat_tan_tat_vu_tru_DI_NHAN_pha_00143_2.87s|Phải nói thật là hiếm có phim hậu bản nào mà nó hay hơn phần trước.|phải nói thật là hiếm có phim hậu bản nào mà nó hay hơn phần trước. 
Tat_tan_tat_vu_tru_DI_NHAN_pha_00144_4.69s|X2 nó là Pck CMNL, cái đoạn Nightcrawler vấn công Tổng thống trên nền nhà cổ điển.|x hai nó là pck cmnl, cái đoạn nightcrawler vấn công tổng thống trên nền nhà cổ điển. 
Tat_tan_tat_vu_tru_DI_NHAN_pha_00145_4.05s|Nó là classic điện ảnh. Xong rồi là cảnh Magneto vượt ngục, rút sắt từ trong máu cai ngục.|nó là classic điện ảnh. xong rồi là cảnh magneto vượt ngục, rút sắt từ trong máu cai ngục. 
Tat_tan_tat_vu_tru_DI_NHAN_pha_00146_3.71s|Nó vừa logic, nó vừa sáng tạo và từ bây giờ thì fan vẫn cãi nhau nát cả nước.|nó vừa logic, nó vừa sáng tạo và từ bây giờ thì phan vẫn cãi nhau nát cả nước. 
Tat_tan_tat_vu_tru_DI_NHAN_pha_00147_3.88s|Cái cảnh Jean hy sinh, hé lộ Phoenix, nó vừa bi tráng và vừa fan kiểu hú hét ở Mỹ.|cái cảnh jean hy sinh, hé lộ phoenix, nó vừa bi tráng và vừa phan kiểu hú hét ở mỹ. 
Tat_tan_tat_vu_tru_DI_NHAN_pha_00148_5.02s|Cảnh của X2 nó được nâng lên hẳn một bậc khi hai phe đối đầu buộc phải hợp tác để chống kẻ thù trung.|cảnh của x hai nó được nâng lên hẳn một bậc khi hai phe đối đầu buộc phải hợp tác để chống kẻ thù trung. 
Tat_tan_tat_vu_tru_DI_NHAN_pha_00149_2.87s|Mô tít mẹ thì không hiếm mà tậm chí có người có thể nói là cliché.|mô tít mẹ thì không hiếm mà tậm chí có người có thể nói là cliché. 
Tat_tan_tat_vu_tru_DI_NHAN_pha_00150_3.85s|Nhưng mà với X-Men vốn là ẩn dụ cho phân biệt chủng tộc thì nó lại rất là hợp lý.|nhưng mà với x men vốn là ẩn dụ cho phân biệt chủng tộc thì nó lại rất là hợp lý. 
Tat_tan_tat_vu_tru_DI_NHAN_pha_00151_3.83s|Điều này đã tạo ra những cái màn đối thoại cực kỳ thú vị, đặc biệt là giữa Magneto và X-Men.|điều này đã tạo ra những cái màn đối thoại cực kỳ thú vị, đặc biệt là giữa magneto và x men. 
Tat_tan_tat_vu_tru_DI_NHAN_pha_00152_3.66s|Đến phần này thì Wolverine vẫn được yêu quái đất diễn nhưng mà lần này là có lý do.|đến phần này thì wolverine vẫn được yêu quái đất diễn nhưng mà lần này là có lý do. 
Tat_tan_tat_vu_tru_DI_NHAN_pha_00153_2.19s|Tại vì phim bắt đầu tháo gỡ quá khứ của Logan.|tại vì phim bắt đầu tháo gỡ quá khứ của logan. 
Tat_tan_tat_vu_tru_DI_NHAN_pha_00154_4.84s|Cuộc đối đầu giữa Logan và Striker nó không chỉ là đánh nhau mà là hành trình tìm lại danh tính.|cuộc đối đầu giữa logan và striker nó không chỉ là đánh nhau mà là hành trình tìm lại danh tính. 
Tat_tan_tat_vu_tru_DI_NHAN_pha_00155_4.99s|Cảnh Logan đánh nhau với lại Lady Destroy rất là mãn nhãn mặc dù cô này hơi nhanh và hơi dã man.|cảnh logan đánh nhau với lại lady destroy rất là mãn nhãn mặc dù cô này hơi nhanh và hơi dã man. 
Tat_tan_tat_vu_tru_DI_NHAN_pha_00156_5.17s|Cảm giác hơi kiểu phí một phản diện tiềm năng. Tôi nhớ hồi cấp 1 ở ngoài cổng trường tôi hay bán mấy cái móng giả phát sáng.|cảm giác hơi kiểu phí một phản diện tiềm năng. tôi nhớ hồi cấp một ở ngoài cổng trường tôi hay bán mấy cái móng giả phát sáng. 
Tat_tan_tat_vu_tru_DI_NHAN_pha_00157_2.71s|Tôi toàn mua về giả làm Lady Destroy không cần dùng đũa nữa.|tôi toàn mua về giả làm lady destroy không cần dùng đũa nữa. 
Tat_tan_tat_vu_tru_DI_NHAN_pha_00158_3.55s|Trong khi đó thì William Striker là một phản diện rất là hay và đáng nhớ.|trong khi đó thì william striker là một phản diện rất là hay và đáng nhớ. 
Tat_tan_tat_vu_tru_DI_NHAN_pha_00159_4.15s|Không có siêu năng lực nhưng mà sự tàn nhẫn và thù hận mù quáng khiến tay này rất là đáng sợ.|không có siêu năng lực nhưng mà sự tàn nhẫn và thù hận mù quáng khiến tay này rất là đáng sợ. 
Tat_tan_tat_vu_tru_DI_NHAN_pha_00160_3.82s|Brian Cox diễn quá đạt tạo ra một cái hình ảnh chính phủ quân đội cực kỳ áp lực.|brian cox diễn quá đạt tạo ra một cái hình ảnh chính phủ quân đội cực kỳ áp lực. 
Tat_tan_tat_vu_tru_DI_NHAN_pha_00161_3.63s|Iceman, Pyro và Rogue thì mang đến một cái góc nhìn về thế hệ dị nhân trẻ.|iceman, pyro và rogue thì mang đến một cái góc nhìn về thế hệ dị nhân trẻ. 
Tat_tan_tat_vu_tru_DI_NHAN_pha_00162_4.19s|Cái đoạn Bobby Come Out với gia đình là một cái ẩn dụ khá là hay về việc thừa nhận bản thân.|cái đoạn bobby come out với gia đình là một cái ẩn dụ khá là hay về việc thừa nhận bản thân. 
Tat_tan_tat_vu_tru_DI_NHAN_pha_00163_4.45s|Nó phản ánh khá chân thực tâm lý cha mẹ khi mà con cái mình khác người hoặc là gay.|nó phản ánh khá chân thực tâm lý cha mẹ khi mà con cái mình khác người hoặc là gay. 
Tat_tan_tat_vu_tru_DI_NHAN_pha_00164_5.85s|Tuy nhiên thì vì Wolverine là một trung tâm quá là mạnh nên là Storm và Cyclops dù quan trọng vẫn hơi bị làm nền cho Logan với Jean.|tuy nhiên thì vì wolverine là một trung tâm quá là mạnh nên là storm và cyclops dù quan trọng vẫn hơi bị làm nền cho logan với jean. 
Tat_tan_tat_vu_tru_DI_NHAN_pha_00165_6.34s|Phần này nhân vật nhiều hơn nhưng mà chỉ một số ít thực sự tỏa sáng mà bù lại cái phần kịch bản và kỹ xảo được nâng cấp rõ rệt.|phần này nhân vật nhiều hơn nhưng mà chỉ một số ít thực sự tỏa sáng mà bù lại cái phần kịch bản và kỹ xảo được nâng cấp rõ rệt. 
Tat_tan_tat_vu_tru_DI_NHAN_pha_00166_3.01s|Vì thế phải ngả mũ trước đạo diễn Brian Singer.|vì thế phải ngả mũ trước đạo diễn brian singer. 
Tat_tan_tat_vu_tru_DI_NHAN_pha_00167_7.93s|X2 là một phim quá đẳng cấp. Sau hai phần đầu ăn nên làm ra thì Fox thừa thắng xông lên,|x hai là một phim quá đẳng cấp. sau hai phần đầu ăn nên làm ra thì fox thừa thắng xông lên, 
Tat_tan_tat_vu_tru_DI_NHAN_pha_00168_4.19s|bơm kinh phí X2 để làm phần 3. Rất là may tên phim không phải là XGX.|bơm kinh phí x hai để làm phần ba. rất là may tên phim không phải là xgx. 
Tat_tan_tat_vu_tru_DI_NHAN_pha_00169_5.17s|Thật ra nói thế thôi chứ vẫn có cái phim tên là XGX thật với anh Vinh Dầu Nớt đồng chính nhưng mà nó là vũ trụ khác.|thật ra nói thế thôi chứ vẫn có cái phim tên là xgx thật với anh vinh dầu nớt đồng chính nhưng mà nó là vũ trụ khác. 
Tat_tan_tat_vu_tru_DI_NHAN_pha_00170_2.32s|Còn đây chúng ta có X-Men The Last Stand|còn đây chúng ta có x men the last stand
Tat_tan_tat_vu_tru_DI_NHAN_pha_00171_3.31s|Bản Việt hóa nên rất là tình cảm. Dị nhân, lần cuối đi bên nhau|bản việt hóa nên rất là tình cảm. dị nhân, lần cuối đi bên nhau
Tat_tan_tat_vu_tru_DI_NHAN_pha_00172_4.72s|Với ngân sách cao nhất thời điểm đó thì ai cũng có một câu hỏi là tiền nhiều thế thì phim nó sẽ như thế nào|với ngân sách cao nhất thời điểm đó thì ai cũng có một câu hỏi là tiền nhiều thế thì phim nó sẽ như thế nào
Tat_tan_tat_vu_tru_DI_NHAN_pha_00173_5.61s|Phim mở đầu vào một đoạn flashback đến 1986 Charles Xavier và Magneto tới nhà một cô bé tên là Jean Grey|phim mở đầu vào một đoạn flashback đến một nghìn chín trăm tám mươi sáu charles xavier và magneto tới nhà một cô bé tên là jean grey
Tat_tan_tat_vu_tru_DI_NHAN_pha_00174_2.62s|Ngồi mời cô ra nhập trường dành cho những người trẻ có năng khiếu|ngồi mời cô ra nhập trường dành cho những người trẻ có năng khiếu
Tat_tan_tat_vu_tru_DI_NHAN_pha_00175_4.57s|Rồi nhảy tiếp sang 1996 khi mà Warren Worthington phát hiện ra con trai mình là dị nhân|rồi nhảy tiếp sang một nghìn chín trăm chín mươi sáu khi mà warren worthington phát hiện ra con trai mình là dị nhân
Tat_tan_tat_vu_tru_DI_NHAN_pha_00176_2.90s|Trong khi bắt gặp thằng bé đang cố cắt bỏ đôi cánh của nó|trong khi bắt gặp thằng bé đang cố cắt bỏ đôi cánh của nó
Tat_tan_tat_vu_tru_DI_NHAN_pha_00177_5.65s|Ouch, đau phết. Ở thời điểm hiện tại thì Washington Labs công bố một loại thuốc tiêm có thể ức chế Xen X|ouch, đau phết. ở thời điểm hiện tại thì washington labs công bố một loại thuốc tiêm có thể ức chế xen x
Tat_tan_tat_vu_tru_DI_NHAN_pha_00178_2.03s|Tức là thứ gen khiến con người trở thành dị nhân|tức là thứ gen khiến con người trở thành dị nhân
Tat_tan_tat_vu_tru_DI_NHAN_pha_00179_2.59s|Và họ tuyên bố là ai muốn bình thường thì cứ tiêm vào|và họ tuyên bố là ai muốn bình thường thì cứ tiêm vào
Tat_tan_tat_vu_tru_DI_NHAN_pha_00180_2.39s|Tin này làm cộng đồng dị nhân chia đôi ngay lập tức.|tin này làm cộng đồng dị nhân chia đôi ngay lập tức. 
Tat_tan_tat_vu_tru_DI_NHAN_pha_00181_3.73s|Có người rất là quan tâm, nhất là Rook. Đứa phải đeo găng tay nên muốn chạm bất kỳ vào ai.|có người rất là quan tâm, nhất là rook. đứa phải đeo găng tay nên muốn chạm bất kỳ vào ai. 
Tat_tan_tat_vu_tru_DI_NHAN_pha_00182_5.35s|Còn phần đông dị nhân khác thì rất là cảnh giác. Tại vì thuốc này hôm nay bảo là chữa, còn ngày mai nó thành vũ khí diệt chủng thì sao?|còn phần đông dị nhân khác thì rất là cảnh giác. tại vì thuốc này hôm nay bảo là chữa, còn ngày mai nó thành vũ khí diệt chủng thì sao? 
Tat_tan_tat_vu_tru_DI_NHAN_pha_00183_3.80s|Thế là Magneto lập lại hội anh em đột biến để tập hợp những kẻ phản đối thuốc.|thế là magneto lập lại hội anh em đột biến để tập hợp những kẻ phản đối thuốc. 
Tat_tan_tat_vu_tru_DI_NHAN_pha_00184_3.21s|Và ông này cảnh báo là đây không phải cứu chữa mà là công cụ tiêu diệt.|và ông này cảnh báo là đây không phải cứu chữa mà là công cụ tiêu diệt. 
Tat_tan_tat_vu_tru_DI_NHAN_pha_00185_5.53s|Với sự trợ giúp của Pyro, Calisto và một số dị nhân khác thì Magneto tấn công một nhà tù di động để giải cứu Mystic,|với sự trợ giúp của pyro, calisto và một số dị nhân khác thì magneto tấn công một nhà tù di động để giải cứu mystic, 
Tat_tan_tat_vu_tru_DI_NHAN_pha_00186_7.55s|Multiple Men và Giaconaut. Trong lúc hỗn loạn thì Mystic che chắn cho Magneto khỏi một mũi tên chứa thuốc và thế là cô này mất năng lực và bị Magneto bỏ rơi luôn.|multiple men và giaconaut. trong lúc hỗn loạn thì mystic che chắn cho magneto khỏi một mũi tên chứa thuốc và thế là cô này mất năng lực và bị magneto bỏ rơi luôn. 
Tat_tan_tat_vu_tru_DI_NHAN_pha_00187_2.77s|Với một ánh nhìn như kiểu là nhìn gói mì rơi xuống đất là không ăn nữa.|với một ánh nhìn như kiểu là nhìn gói mì rơi xuống đất là không ăn nữa. 
Tat_tan_tat_vu_tru_DI_NHAN_pha_00188_4.38s|Ở phe còn lại thì Cyclops vẫn lụy sau sự ra đi của Gene, anh lái xe tới hồ Akali,|ở phe còn lại thì cyclops vẫn lụy sau sự ra đi của gene, anh lái xe tới hồ akali, 
Tat_tan_tat_vu_tru_DI_NHAN_pha_00189_4.45s|nơi mà Gene hy sinh và Gene bất ngờ hiện ra và thế là cậu một hồn ma khi mà hai người hôn nhau.|nơi mà gene hy sinh và gene bất ngờ hiện ra và thế là cậu một hồn ma khi mà hai người hôn nhau. 
Tat_tan_tat_vu_tru_DI_NHAN_pha_00190_2.35s|Xavier cảm nhận được một cái thứ gì đó rất là bất ổn.|xavier cảm nhận được một cái thứ gì đó rất là bất ổn. 
Tat_tan_tat_vu_tru_DI_NHAN_pha_00191_4.56s|Ben cử Logan và Storm đi điều tra tới nơi thì họ chỉ thấy đá lơ lửng, kính của Cyclops.|ben cử logan và storm đi điều tra tới nơi thì họ chỉ thấy đá lơ lửng, kính của cyclops. 
Tat_tan_tat_vu_tru_DI_NHAN_pha_00192_6.31s|Và Jin Grey bất tỉnh. Xavier giải thích là khi mà Jin hy sinh thì cô đã giải phóng một thực thể bị kim nén bê lâu là Phoenix,|và jin grey bất tỉnh. xavier giải thích là khi mà jin hy sinh thì cô đã giải phóng một thực thể bị kim nén bê lâu là phoenix, 
Tat_tan_tat_vu_tru_DI_NHAN_pha_00193_5.09s|một nhân cách tăm tối với sức hủy diệt kiểu thần thánh mà trước đó Xavier đã dùng ngoại cảm để khóa lại.|một nhân cách tăm tối với sức hủy diệt kiểu thần thánh mà trước đó xavier đã dùng ngoại cảm để khóa lại. 
Tat_tan_tat_vu_tru_DI_NHAN_pha_00194_3.60s|Logan nghe xong rồi kiểu ông đụng vào đầu người ra như thế mà ông còn nói ông là người tốt à?|logan nghe xong rồi kiểu ông đụng vào đầu người ra như thế mà ông còn nói ông là người tốt à? 
Tat_tan_tat_vu_tru_DI_NHAN_pha_00195_8.93s|Sau đó chúng ta có cảnh Jin tỉnh dậy nhưng mà cô không còn là Jin và Logan phát hiện ra sự thật đau nhất là Jin đã giết Cyclops bằng cách mà không phải kiểu giết bình thường như nó xóa sổ luôn.|sau đó chúng ta có cảnh jin tỉnh dậy nhưng mà cô không còn là jin và logan phát hiện ra sự thật đau nhất là jin đã giết cyclops bằng cách mà không phải kiểu giết bình thường như nó xóa sổ luôn. 
Tat_tan_tat_vu_tru_DI_NHAN_pha_00196_2.87s|Phoenix trỗi dậy, đánh gục Logan rồi trở về nhà thời thơ ấu.|phoenix trỗi dậy, đánh gục logan rồi trở về nhà thời thơ ấu. 
Tat_tan_tat_vu_tru_DI_NHAN_pha_00197_3.67s|Biết tin Jin xuất hiện thì Magneto kéo hội anh em tới, nhóm X-Men cũng tới.|biết tin jin xuất hiện thì magneto kéo hội anh em tới, nhóm x men cũng tới. 
Tat_tan_tat_vu_tru_DI_NHAN_pha_00198_6.75s|Xavier và Magneto dành giặt lòng trung thành của Jin như hai ông bố tranh quyền nơi con nhưng mà Phoenix xuất hiện và cho cả hai bên kiểu.|xavier và magneto dành giặt lòng trung thành của jin như hai ông bố tranh quyền nơi con nhưng mà phoenix xuất hiện và cho cả hai bên kiểu. 
Tat_tan_tat_vu_tru_DI_NHAN_pha_00199_5.40s|Chúng mày nói xong chưa? Thế là cô cho nổ tung căn nhà, phân ra Xavier như bước cho rồi rời đi cùng Magneto.|chúng mày nói xong chưa? thế là cô cho nổ tung căn nhà, phân ra xavier như bước cho rồi rời đi cùng magneto. 
Tat_tan_tat_vu_tru_DI_NHAN_pha_00200_9.43s|Mystic lúc này mất năng lực, tự biết mình hết giá nên là khai luôn căn cứ Magneto cho FBI nhưng mà FBI tới nơi thì phát hiện đây toàn là multiple men và bản sao còn Magneto vẫn thông rong.|mystic lúc này mất năng lực, tự biết mình hết giá nên là khai luôn căn cứ magneto cho fbi nhưng mà fbi tới nơi thì phát hiện đây toàn là multiple men và bản sao còn magneto vẫn thông rong. 
Tat_tan_tat_vu_tru_DI_NHAN_pha_00201_5.23s|Hộ anh em tấn công Arcatras nhằm tiêu diệt một dị nhân trẻ tên là Jimmy chắc chính là nguồn gen được dùng để tạo thuốc.|hộ anh em tấn công arcatras nhằm tiêu diệt một dị nhân trẻ tên là jimmy chắc chính là nguồn gen được dùng để tạo thuốc. 
Tat_tan_tat_vu_tru_DI_NHAN_pha_00202_6.21s|Quân đội ở đây bị áp đảo cho tới khi X-Men kéo tới Kitty cứu Jimmy khỏi Jack O 'Nod Iceman đều khuất phục Pyro Logan.|quân đội ở đây bị áp đảo cho tới khi x men kéo tới kitty cứu jimmy khỏi jack o nod iceman đều khuất phục pyro logan. 
Tat_tan_tat_vu_tru_DI_NHAN_pha_00203_6.84s|đánh lạc hướng Magneto để hành mất coi tiêm thuốc của Magneto vô hiệu hóa sức mạnh tư tính và rồi Phoenix thức tỉnh hoàn toàn cũng bắt.|đánh lạc hướng magneto để hành mất coi tiêm thuốc của magneto vô hiệu hóa sức mạnh tư tính và rồi phoenix thức tỉnh hoàn toàn cũng bắt. 
Tat_tan_tat_vu_tru_DI_NHAN_pha_00204_3.28s|đầu hủy diệt mọi thứ trong bán kính 20m ai đứng gần là bay màu.|đầu hủy diệt mọi thứ trong bán kính hai mươi mét ai đứng gần là bay màu. 
Tat_tan_tat_vu_tru_DI_NHAN_pha_00205_11.58s|Lúc này chỉ có Logan mới tiếp cận được nhờ khả năng chữa lành và bộ sương adamantium thế là anh này lê từng bước vào cơn bão choa bụi và Gene có một khoảnh khắc dành lại kiểm soát và cầu xin Logan là cứu em thế Logan xin Gene một phát chí mạng.|lúc này chỉ có logan mới tiếp cận được nhờ khả năng chữa lành và bộ sương adamantium thế là anh này lê từng bước vào cơn bão choa bụi và gene có một khoảnh khắc dành lại kiểm soát và cầu xin logan là cứu em thế logan xin gene một phát chí mạng. 
Tat_tan_tat_vu_tru_DI_NHAN_pha_00206_6.30s|Sau đó thì quyền lợi của dị nhân dần được thiết lập lại trường của Xavier vẫn hoạt động với Storm làm hiệu trưởng Tổng thống bổ nhiệm McCoy làm.|sau đó thì quyền lợi của dị nhân dần được thiết lập lại trường của xavier vẫn hoạt động với storm làm hiệu trưởng tổng thống bổ nhiệm mccoy làm. 
Tat_tan_tat_vu_tru_DI_NHAN_pha_00207_6.88s|đại sứ Liên Hợp Quốc rock tiêm thuốc và trở lại bình thường kết nối tình cảm lại với Iceman còn Magneto ngồi cô độc trên bàn cờ ở San Francisco.|đại sứ liên hợp quốc rock tiêm thuốc và trở lại bình thường kết nối tình cảm lại với iceman còn magneto ngồi cô độc trên bàn cờ ở san francisco. 
Tat_tan_tat_vu_tru_DI_NHAN_pha_00208_10.72s|trông yếu ớt như người bình thường nhưng mà khi ông ấy đưa tay ra thì quân cờ kim loại lại khẽ rung rinh ở một nơi khác thì Morgan McTaggart đang kiểm tra một bệnh nhân hôn mê thì anh ta tỉnh lại và chào cô bằng giọng của Xavier.|trông yếu ớt như người bình thường nhưng mà khi ông ấy đưa tay ra thì quân cờ kim loại lại khẽ rung rinh ở một nơi khác thì morgan mctaggart đang kiểm tra một bệnh nhân hôn mê thì anh ta tỉnh lại và chào cô bằng giọng của xavier. 
Tat_tan_tat_vu_tru_DI_NHAN_pha_00209_7.17s|Nếu mà hai phần đầu còn hơi hiền thì phần này các bác mung lụa luôn tiền đổi vào kỹ giảo nên khỏi nói Cảnh Magneto nhắc bỏng cầu cổng.|nếu mà hai phần đầu còn hơi hiền thì phần này các bác mung lụa luôn tiền đổi vào kỹ giảo nên khỏi nói cảnh magneto nhắc bỏng cầu cổng. 
Tat_tan_tat_vu_tru_DI_NHAN_pha_00210_6.00s|vàng là một khoảnh khắc rất là biểu tượng của phim siêu hùng phim cũng giới thiệu rất nhiều nhân vật mới thú vị như là Beast bằng xương bằng thịt|vàng là một khoảnh khắc rất là biểu tượng của phim siêu hùng phim cũng giới thiệu rất nhiều nhân vật mới thú vị như là beast bằng xương bằng thịt
Tat_tan_tat_vu_tru_DI_NHAN_pha_00211_7.28s|tạo hình sát truyện tranh Angel với đôi cánh khá là Victoria Secret và Kitty Pryde trước khi chuyển giới tôi cũng khá là thích ý tưởng phương|tạo hình sát truyện tranh angel với đôi cánh khá là victoria secret và kitty pryde trước khi chuyển giới tôi cũng khá là thích ý tưởng phương
Tat_tan_tat_vu_tru_DI_NHAN_pha_00212_5.92s|thuốc chữa trị nó đã tạo ra một thế tiến thái lẫn đột biến là một món quà hay là căn bệnh và phim đã khai thác khá|thuốc chữa trị nó đã tạo ra một thế tiến thái lẫn đột biến là một món quà hay là căn bệnh và phim đã khai thác khá
Tat_tan_tat_vu_tru_DI_NHAN_pha_00213_4.86s|là tốt tâm lý những người muốn bình thường như là Wolverine đối đầu với những người mà xem đó là tự hào Phoenix,|là tốt tâm lý những người muốn bình thường như là wolverine đối đầu với những người mà xem đó là tự hào phoenix, 
Tat_tan_tat_vu_tru_DI_NHAN_pha_00214_12.25s|một trong những thực thể mạnh nhất Marvel cuối cùng cũng được tỏa sáng đen lên nghệ bóng luôn phim đi chuyển từ hiền lành sang lạnh lùng tàn ác chỉ gần ánh nhìn là biến người ta ra cho so với cả 3 phần thì I Got Trust là cái trận đánh lớn nhất có rất nhiều dị nhân,|một trong những thực thể mạnh nhất marvel cuối cùng cũng được tỏa sáng đen lên nghệ bóng luôn phim đi chuyển từ hiền lành sang lạnh lùng tàn ác chỉ gần ánh nhìn là biến người ta ra cho so với cả ba phần thì i got trust là cái trận đánh lớn nhất có rất nhiều dị nhân, 
Tat_tan_tat_vu_tru_DI_NHAN_pha_00215_9.81s|nhiều năng lực và nhiều tạo hình thú vị. Cái cô dị nhân vỗ tay bắt đúng tầm số để hủy súng của lính là một chi tiết rất là thông minh và logic. Cảnh này cũng cho thấy là X-Men phối hợp rất là đã. Storm gọi May,|nhiều năng lực và nhiều tạo hình thú vị. cái cô dị nhân vỗ tay bắt đúng tầm số để hủy súng của lính là một chi tiết rất là thông minh và logic. cảnh này cũng cho thấy là x men phối hợp rất là đã. storm gọi may, 
Tat_tan_tat_vu_tru_DI_NHAN_pha_00216_6.75s|Beast đánh trực diện Wolverine thì dùng mẹo khá mãn nhãn. Đoạn Magneto ngồi chơi cờ rồi cố di chuyển cân cờ và bằng chút năng lực cũng rất|beast đánh trực diện wolverine thì dùng mẹo khá mãn nhãn. đoạn magneto ngồi chơi cờ rồi cố di chuyển cân cờ và bằng chút năng lực cũng rất
Tat_tan_tat_vu_tru_DI_NHAN_pha_00217_6.36s|cảm xúc nó là kiểu một vị vua mất ngôi đang cố lấy lại thử hoàng kim của mình ấy. Mà việc Magneto thích chơi cờ cũng khá hợp lý tại|cảm xúc nó là kiểu một vị vua mất ngôi đang cố lấy lại thử hoàng kim của mình ấy. mà việc magneto thích chơi cờ cũng khá hợp lý tại
Tat_tan_tat_vu_tru_DI_NHAN_pha_00218_6.70s|vì ông này đánh trận y trang đánh cờ kiểu như là đẩy dị nhân cấp thấp lên trước làm tốt thôi. Đây là một cái phản diện xuất sắc mà nó thể hiện sự lạnh|vì ông này đánh trận y trang đánh cờ kiểu như là đẩy dị nhân cấp thấp lên trước làm tốt thôi. đây là một cái phản diện xuất sắc mà nó thể hiện sự lạnh
Tat_tan_tat_vu_tru_DI_NHAN_pha_00219_6.36s|như thép ở đấy. Xong rồi đoạn là Xavier tỉnh lại trong cơ thể người khác nó cũng mở ra hy vọng và thực tế là ông này cũng trở lại thật. Cơ mà theo nhiều ý|như thép ở đấy. xong rồi đoạn là xavier tỉnh lại trong cơ thể người khác nó cũng mở ra hy vọng và thực tế là ông này cũng trở lại thật. cơ mà theo nhiều ý
Tat_tan_tat_vu_tru_DI_NHAN_pha_00220_13.00s|Kiến thì phần này cũng là lúc vũ trụ X-Men bắt đầu chật bánh. Đầu tiên là Xavier hẹo quá sớm thế là fan hụt hẫng cực mạnh rồi. Là Cyclops chất gay đầu phim một cách lãng sẹt và thậm chí là không có nổi cái thi hài để làm lễ. Fan tức và fan không có lý.|kiến thì phần này cũng là lúc vũ trụ x men bắt đầu chật bánh. đầu tiên là xavier hẹo quá sớm thế là phan hụt hẫng cực mạnh rồi. là cyclops chất gay đầu phim một cách lãng sẹt và thậm chí là không có nổi cái thi hài để làm lễ. phan tức và phan không có lý. 
Tat_tan_tat_vu_tru_DI_NHAN_pha_00221_6.02s|Angel thì được quảng cáo rầm rộ nhưng mà trên phim xuất hiện có vài phút và đóng góp không đáng bao nhiêu. Jackal knock thì bị biến thành một gã cơ.|angel thì được quảng cáo rầm rộ nhưng mà trên phim xuất hiện có vài phút và đóng góp không đáng bao nhiêu. jackal knock thì bị biến thành một gã cơ. 
Tat_tan_tat_vu_tru_DI_NHAN_pha_00222_7.16s|Bắp thô lỗ và câu thoại mim là I'm the Jackal knock bitch. Nó thô nhưng hơi đần. Magneto thì bỏ rơi Mystic là một cái tình tiết thể hiện sự tàn.|bắp thô lỗ và câu thoại mim là i m the jackal knock bitch. nó thô nhưng hơi đần. magneto thì bỏ rơi mystic là một cái tình tiết thể hiện sự tàn. 
Tat_tan_tat_vu_tru_DI_NHAN_pha_00223_8.66s|Nhấn nhưng mà nó cũng khiến một nhân vật quan trọng bị đá khỏi phim là Dark Phoenix Saga là một.|nhấn nhưng mà nó cũng khiến một nhân vật quan trọng bị đá khỏi phim là dark phoenix saga là một. 
Tat_tan_tat_vu_tru_DI_NHAN_pha_00224_4.72s|Trong những cái art hay nhất có mích nhưng mà phim này lại trộn nó với câu chuyện phương thuốc nên là.|trong những cái art hay nhất có mích nhưng mà phim này lại trộn nó với câu chuyện phương thuốc nên là. 
Tat_tan_tat_vu_tru_DI_NHAN_pha_00225_6.12s|Tạo ra cảm giác là đạo diễn bị ôm đồn quá. Nếu mà tách ra hai phần thì có khi còn hay hơn nhiều. Nói thẳng là cái phần này thì tiền chủ yếu đập.|tạo ra cảm giác là đạo diễn bị ôm đồn quá. nếu mà tách ra hai phần thì có khi còn hay hơn nhiều. nói thẳng là cái phần này thì tiền chủ yếu đập. 
Tat_tan_tat_vu_tru_DI_NHAN_pha_00226_6.90s|Vào kỹ xảo và hành động còn kỹ bản thì hơi lỏ. Mà độ giải trí vẫn ok. Vẫn đậm dẫn X-Men nó hoành tráng hơn hai phần trước nhưng mà xét về độ.|vào kỹ xảo và hành động còn kỹ bản thì hơi lỏ. mà độ giải trí vẫn ô kê. vẫn đậm dẫn x men nó hoành tráng hơn hai phần trước nhưng mà xét về độ. 
Tat_tan_tat_vu_tru_DI_NHAN_pha_00227_8.34s|Hay thì nó không bằng. Sau ba phần X-Men thì Hugh Jackman bây giờ là sau hạng A rồi và Fox nhìn cái.|hay thì nó không bằng. sau ba phần x men thì hugh jackman bây giờ là sau hạng a rồi và fox nhìn cái. 
Tat_tan_tat_vu_tru_DI_NHAN_pha_00228_5.16s|Đà này và quyết định là ok làm luôn một phim riêng về Wolverine đi. Và thế là chúng ta có X-Men Origins.|đà này và quyết định là ô kê làm luôn một phim riêng về wolverine đi. và thế là chúng ta có x men origins. 
Tat_tan_tat_vu_tru_DI_NHAN_pha_00229_6.66s|Wolverine phim mở đầu từ năm 1845. Cậu bé James Howlett sống ở vùng lãnh thổ Tây Bắc chứng kiến cha mình bị giết bởi người|wolverine phim mở đầu từ năm một nghìn tám trăm bốn mươi lăm. cậu bé james howlett sống ở vùng lãnh thổ tây bắc chứng kiến cha mình bị giết bởi người
Tat_tan_tat_vu_tru_DI_NHAN_pha_00230_6.44s|quản gia Thomas Logan gần dẫn bùng lên James hòa thú khích hoạt danh đột biến mong muốn được làm từ xương nhô ra khỏi tay và|quản gia thomas logan gần dẫn bùng lên james hòa thú khích hoạt danh đột biến mong muốn được làm từ xương nhô ra khỏi tay và
Tat_tan_tat_vu_tru_DI_NHAN_pha_00231_5.70s|cậu xin luôn ông quản gia mà bi kịch ở đây nhé là trước khi nhắm mắt thì Thomas thèo tháo nói một câu đúng kiểu phim truyền|cậu xin luôn ông quản gia mà bi kịch ở đây nhé là trước khi nhắm mắt thì thomas thèo tháo nói một câu đúng kiểu phim truyền
Tat_tan_tat_vu_tru_DI_NHAN_pha_00232_7.40s|hình dài tập là thực ra tao mới là cha ruột mày thế là James sốc bỏ chốn đi cùng với James là Victor Greed con trai khác của|hình dài tập là thực ra tao mới là cha ruột mày thế là james sốc bỏ chốn đi cùng với james là victor greed con trai khác của
Tat_tan_tat_vu_tru_DI_NHAN_pha_00233_6.22s|Thomas tức là anh trai cùng trai khác mẹ thằng này cũng có vuốt nhưng mà là móng tay và cũng tự phục hồi như là James từ đó thì hai anh em đã|thomas tức là anh trai cùng trai khác mẹ thằng này cũng có vuốt nhưng mà là móng tay và cũng tự phục hồi như là james từ đó thì hai anh em đã
Tat_tan_tat_vu_tru_DI_NHAN_pha_00234_6.92s|cắm đầu đi qua cả thế kỷ tham chiến trong nội chiến Mỹ cả hai cuộc thế chiến và cả cuộc chiến chống Mỹ ở Việt Nam nhưng mà lại ở phía Mỹ Victor|cắm đầu đi qua cả thế kỷ tham chiến trong nội chiến mỹ cả hai cuộc thế chiến và cả cuộc chiến chống mỹ ở việt nam nhưng mà lại ở phía mỹ victor
Tat_tan_tat_vu_tru_DI_NHAN_pha_00235_6.84s|ngày càng hung bạo, hắn định cưỡng bức một phụ nữ địa phương rồi giết luôn một sĩ quan cấp cao khi mà người này can ngăn James đã quay lại hỗ trợ Victor và|ngày càng hung bạo, hắn định cưỡng bức một phụ nữ địa phương rồi giết luôn một sĩ quan cấp cao khi mà người này can ngăn james đã quay lại hỗ trợ victor và
Tat_tan_tat_vu_tru_DI_NHAN_pha_00236_6.18s|cả hai bị kết án sử bắn nhưng mà bắn xong này cả hai vẫn sống tại vì họ là dị nhân thì tôi đã thực sự mong chờ một dị nhân người Việt nào đó|cả hai bị kết án sử bắn nhưng mà bắn xong này cả hai vẫn sống tại vì họ là dị nhân thì tôi đã thực sự mong chờ một dị nhân người việt nào đó
Tat_tan_tat_vu_tru_DI_NHAN_pha_00237_5.62s|sống lên oanh tạc nhưng mà đây là phía Mỹ thì sau vụ đó William Stryker xuất hiện và 12 anh này gia nhập team X,|sống lên oanh tạc nhưng mà đây là phía mỹ thì sau vụ đó william stryker xuất hiện và mười hai anh này gia nhập team x, 
Tat_tan_tat_vu_tru_DI_NHAN_pha_00238_5.97s|một nhóm dị nhân bao gồm Agent Zero, một tay súng thiện xạ Wood Wilson, lính đánh thuê dùng Katana John Weth,|một nhóm dị nhân bao gồm agent zero, một tay súng thiện xạ wood wilson, lính đánh thuê dùng katana john weth, 
Tat_tan_tat_vu_tru_DI_NHAN_pha_00239_11.41s|người dịch chuyển Fred Dukes, gã khổng lồ siêu khỏe và Chris Bradley, người đầu khiển máy móc sau vài nhiệm vụ thì James dùng bí xanh Logan nhưng mà Victor ngày càng mất kiểm soát và một nửa đội cũng khuấy khám thế là Logan chán,|người dịch chuyển fred dukes, gã khổng lồ siêu khỏe và chris bradley, người đầu khiển máy móc sau vài nhiệm vụ thì james dùng bí xanh logan nhưng mà victor ngày càng mất kiểm soát và một nửa đội cũng khuấy khám thế là logan chán, 
Tat_tan_tat_vu_tru_DI_NHAN_pha_00240_6.45s|quyết định rời team X 6 năm sau Logan sống ở Canada làm tiểu phù và yêu cô gái tên là Kayla Silver Fox đang yên đang lành|quyết định rời team x sáu năm sau logan sống ở canada làm tiểu phù và yêu cô gái tên là kayla silver fox đang yên đang lành
Tat_tan_tat_vu_tru_DI_NHAN_pha_00241_6.56s|thì Striker và Zero tìm tới bảo John Weth và Bradley đã bị giết và có kẻ đang nhắm vào đội cũ Logan từ chối quay lại cho|thì striker và zero tìm tới bảo john weth và bradley đã bị giết và có kẻ đang nhắm vào đội cũ logan từ chối quay lại cho
Tat_tan_tat_vu_tru_DI_NHAN_pha_00242_6.68s|đến khi anh tìm thấy Kayla đầy máu trong rừng và nhận ra ngay thủ phạm là Victor Logan tìm Victor trong quán 3 nhưng mà bị đấm cho thua sấp mặt,|đến khi anh tìm thấy kayla đầy máu trong rừng và nhận ra ngay thủ phạm là victor logan tìm victor trong quán ba nhưng mà bị đấm cho thua sấp mặt, 
Tat_tan_tat_vu_tru_DI_NHAN_pha_00243_4.72s|Striker lúc này lại xuất hiện và giọng rất là xêu bất động sản mà là mày có muốn mạnh hơn để trả thù không?|striker lúc này lại xuất hiện và giọng rất là xêu bất động sản mà là mày có muốn mạnh hơn để trả thù không? 
Tat_tan_tat_vu_tru_DI_NHAN_pha_00244_7.17s|Anh có cách thế là Logan đồng ý và thí nghiệm phủ Adamantium lên bộ dương đó là một cuộc phẫu thuật đau như xé sát nhưng mà kết quả là Logan|anh có cách thế là logan đồng ý và thí nghiệm phủ adamantium lên bộ dương đó là một cuộc phẫu thuật đau như xé sát nhưng mà kết quả là logan
Tat_tan_tat_vu_tru_DI_NHAN_pha_00245_5.90s|trở thành hàng gần như không thể phá hủy nhưng vấn đề là Striker đã chơi bẩn và hắn đã ra lệnh xóa chi nhớ của Logan để biến anh thành một|trở thành hàng gần như không thể phá hủy nhưng vấn đề là striker đã chơi bẩn và hắn đã ra lệnh xóa chi nhớ của logan để biến anh thành một
Tat_tan_tat_vu_tru_DI_NHAN_pha_00246_6.36s|vũ khí riêng, Logan nghe được điều này và trốn thoát rồi lạc đến một trang trại 6 hôm sau Logan vừa được cho ăn mặc đồ chỉnh tề thì Zero|vũ khí riêng, logan nghe được điều này và trốn thoát rồi lạc đến một trang trại sáu hôm sau logan vừa được cho ăn mặc đồ chỉnh tề thì zero
Tat_tan_tat_vu_tru_DI_NHAN_pha_00247_6.96s|tới bắn chết 2 vợ chồng già chủ trang trại do định khử Logan Logan phản đòn bắn hạ trực thăng của Zero và thề sẽ khử cả Striker lẫn Victor|tới bắn chết hai vợ chồng già chủ trang trại do định khử logan logan phản đòn bắn hạ trực thăng của zero và thề sẽ khử cả striker lẫn victor
Tat_tan_tat_vu_tru_DI_NHAN_pha_00248_5.48s|Logan lần theo manh mối để tìm được Red và Doug ở một phòng tập boxing tại Las Vegas Doug thì với siêu sức mạnh Choppy,|logan lần theo manh mối để tìm được red và doug ở một phòng tập boxing tại las vegas doug thì với siêu sức mạnh choppy, 
Tat_tan_tat_vu_tru_DI_NHAN_pha_00249_5.50s|tiết lộ Victor vẫn làm việc cho Striker để đi săn dị nhân và đem về thí nghiệm tại một nơi gọi là đảo.|tiết lộ victor vẫn làm việc cho striker để đi săn dị nhân và đem về thí nghiệm tại một nơi gọi là đảo. 
Tat_tan_tat_vu_tru_DI_NHAN_pha_00250_4.57s|Doug nhắc đến Remy Gambit LeBeau, người duy nhất thoát khỏi đảo và biết vị trí của nó.|doug nhắc đến remy gambit lebeau, người duy nhất thoát khỏi đảo và biết vị trí của nó. 
Tat_tan_tat_vu_tru_DI_NHAN_pha_00251_3.21s|Logan và Red đi tìm Gambit ở New Orleans và đụng độ Victor.|logan và red đi tìm gambit ở new orleans và đụng độ victor. 
Tat_tan_tat_vu_tru_DI_NHAN_pha_00252_2.07s|Victor giết Red và lấy DNA của hắn.|victor giết red và lấy dna của hắn. 
Tat_tan_tat_vu_tru_DI_NHAN_pha_00253_3.43s|Gambit đồng ý đưa Logan đến cơ sở của Striker tại đảo Primise.|gambit đồng ý đưa logan đến cơ sở của striker tại đảo primise. 
Tat_tan_tat_vu_tru_DI_NHAN_pha_00254_8.99s|Đến đảo thì Logan phát hiện ra cô Twist là Kayla vẫn còn sống và cô là dị nhân thao túm tâm lý bị Striker ép theo dõi Logan đổi lấy sức an toàn cho em gái Striker lại tiếp tục nuốt lời,|đến đảo thì logan phát hiện ra cô tuýts là kayla vẫn còn sống và cô là dị nhân thao túm tâm lý bị striker ép theo dõi logan đổi lấy sức an toàn cho em gái striker lại tiếp tục nuốt lời, 
Tat_tan_tat_vu_tru_DI_NHAN_pha_00255_3.65s|từ chối cái adamantium cho Victor tại vì Victor không đủ trình, nghe cái phết.|từ chối cái adamantium cho victor tại vì victor không đủ trình, nghe cái phết. 
Tat_tan_tat_vu_tru_DI_NHAN_pha_00256_5.82s|Sau đó Striker khích hoạt huết, giờ trở thành Weapon XI 1 dị nhân sở hữu năng lực của nhiều người khác,|sau đó striker khích hoạt huết, giờ trở thành weapon xi một dị nhân sở hữu năng lực của nhiều người khác, 
Tat_tan_tat_vu_tru_DI_NHAN_pha_00257_10.75s|chuyên đi diệt dị nhân Sau đó Ryan Renor đến bắn chính mình Logan và Victor buộc phải hợp tác để đánh bại Weapon 11 Kayla bị thương khi mà cố cứu nhóm dị nhân bị giam để đưa họ đến gặp giáo sư X.|chuyên đi diệt dị nhân sau đó ryan renor đến bắn chính mình logan và victor buộc phải hợp tác để đánh bại weapon mười một kayla bị thương khi mà cố cứu nhóm dị nhân bị giam để đưa họ đến gặp giáo sư x. 
Tat_tan_tat_vu_tru_DI_NHAN_pha_00258_11.61s|Logan tiêu diệt Weapon 11, Striker xuất hiện bắn thẳng vào đầu Logan bằng đạn adamantium Striker định bắn Kayla nhưng Kayla dùng năng lực để ép hắn quay đầu đi bộ cho đến khi chân giơm máu và sau đó Kayla heo Logan tỉnh lại,|logan tiêu diệt weapon mười một, striker xuất hiện bắn thẳng vào đầu logan bằng đạn adamantium striker định bắn kayla nhưng kayla dùng năng lực để ép hắn quay đầu đi bộ cho đến khi chân giơm máu và sau đó kayla heo logan tỉnh lại, 
Tat_tan_tat_vu_tru_DI_NHAN_pha_00259_4.08s|mất trí nhớ, anh nhìn vào thẻ bài quân đội, một mặt thì ghi Logan mặt kia thì ghi Wolverine.|mất trí nhớ, anh nhìn vào thẻ bài quân đội, một mặt thì ghi logan mặt kia thì ghi wolverine. 
Tat_tan_tat_vu_tru_DI_NHAN_pha_00260_2.25s|Sau đó anh nhìn Kayla và không nhận ra cô là ai.|sau đó anh nhìn kayla và không nhận ra cô là ai. 
Tat_tan_tat_vu_tru_DI_NHAN_pha_00261_4.05s|Striker bị cảnh sát quân sự bắt để thẩm vấn liên quan tới cái chết của tướng Manson.|striker bị cảnh sát quân sự bắt để thẩm vấn liên quan tới cái chết của tướng manson. 
Tat_tan_tat_vu_tru_DI_NHAN_pha_00262_3.98s|Trong post credit thì Logan ngồi ở một quán bar tại Nhật Bản mở đường cho phim tiếp theo.|trong post credit thì logan ngồi ở một quán pa tại nhật bản mở đường cho phim tiếp theo. 
Tat_tan_tat_vu_tru_DI_NHAN_pha_00263_7.00s|Ở bàn DVD thì bàn tay của Weapon 11 đã thò ra khỏi đống đổ nát, chạm vào cái đầu vẫn không thể phủ nhận là Hugh Jackman diễn rất tốt,|ở bàn dvd thì bàn tay của weapon mười một đã thò ra khỏi đống đổ nát, chạm vào cái đầu vẫn không thể phủ nhận là hugh jackman diễn rất tốt, 
Tat_tan_tat_vu_tru_DI_NHAN_pha_00264_2.04s|nhưng ở đây mới là lúc anh Sói nhìn ngon nhất này.|nhưng ở đây mới là lúc anh sói nhìn ngon nhất này. 
Tat_tan_tat_vu_tru_DI_NHAN_pha_00265_4.80s|Tập luyện cực khổ, có cơ bắp quần quận và thể hiện một cái Logan giận dữ, đau đớn nhưng vẫn rất là người.|tập luyện cực khổ, có cơ bắp quần quận và thể hiện một cái logan giận dữ, đau đớn nhưng vẫn rất là người. 
Tat_tan_tat_vu_tru_DI_NHAN_pha_00266_3.61s|Lần này thì Victor đã được thỏa sáng thực sự, không còn kiểu đệ của Magneto nữa.|lần này thì victor đã được thỏa sáng thực sự, không còn kiểu đệ của magneto nữa. 
Tat_tan_tat_vu_tru_DI_NHAN_pha_00267_6.83s|Lee F. Schreiber diễn rất hay và sự tương tác giữa hai em từ trên đầu sát cánh qua hàng thế kỷ đến lúc thành kẻ thù được xây dựng rất ổn.|lee f. schreiber diễn rất hay và sự tương tác giữa hai em từ trên đầu sát cánh qua hàng thế kỷ đến lúc thành kẻ thù được xây dựng rất ổn. 
Tat_tan_tat_vu_tru_DI_NHAN_pha_00268_3.24s|Victor thì đáng sợ, dã tính, có chiều sâu hơn hẳn cái bản X-Men 1.|victor thì đáng sợ, dã tính, có chiều sâu hơn hẳn cái bản x men một. 
Tat_tan_tat_vu_tru_DI_NHAN_pha_00269_6.02s|Cái cảnh hai anh em đi qua 4 cuộc chiến lớn của nhân loại thì rất là nghệ, nó tóm ngọn được sự bất tử và độ trai dạn chỉ trong vài phút.|cái cảnh hai anh em đi qua bốn cuộc chiến lớn của nhân loại thì rất là nghệ, nó tóm ngọn được sự bất tử và độ trai dạn chỉ trong vài phút. 
Tat_tan_tat_vu_tru_DI_NHAN_pha_00270_4.55s|Gà em biết dù ít đất diễn, nhưng Taylor's Kids đã làm rất là ngầu, bài nổ gậy như ý,|gà em biết dù ít đất diễn, nhưng taylor s kids đã làm rất là ngầu, bài nổ gậy như ý, 
Tat_tan_tat_vu_tru_DI_NHAN_pha_00271_6.68s|đúng kỳ vọng fan. Và mấy cảnh thần bài này không phải CGI, Taylor's Kids đã tập vẻ ảo thuật ra hàng tháng rồi để múa bài thần thục như trong phim.|đúng kỳ vọng phan. và mấy cảnh thần bài này không phải cgi, taylor s kids đã tập vẻ ảo thuật ra hàng tháng rồi để múa bài thần thục như trong phim. 
Tat_tan_tat_vu_tru_DI_NHAN_pha_00272_4.86s|Nhưng dù là phim riêng của Wolverine, thì phim này vẫn có khá nhiều chi tiết hỏi chấm mà đến giờ ai cũng nhớ.|nhưng dù là phim riêng của wolverine, thì phim này vẫn có khá nhiều chi tiết hỏi chấm mà đến giờ ai cũng nhớ. 
Tat_tan_tat_vu_tru_DI_NHAN_pha_00273_3.51s|Đầu tiên, cái thứ họ gọi là Weapon 11 aka Deadpool.|đầu tiên, cái thứ họ gọi là weapon mười một aka deadpool. 
Tat_tan_tat_vu_tru_DI_NHAN_pha_00274_4.81s|Deadpool vốn biệt danh là The Merc with A Mouth, xong mà phim này khâu luôn mồm anh này lại,|deadpool vốn biệt danh là the merc with a mouth, xong mà phim này khâu luôn mồm anh này lại, 
Tat_tan_tat_vu_tru_DI_NHAN_pha_00275_3.22s|không khác gì tát vào mặt Fabian Nieza với lại Rob Liefeld luôn.|không khác gì tát vào mặt fabian nieza với lại rob liefeld luôn. 
Tat_tan_tat_vu_tru_DI_NHAN_pha_00276_3.62s|Xong rồi là kiếm katana mọc thẳng từ xương cánh tay là cái gì nữa.|xong rồi là kiếm katana mọc thẳng từ xương cánh tay là cái gì nữa. 
Tat_tan_tat_vu_tru_DI_NHAN_pha_00277_2.11s|Về mặt giải phẫu thì không thể gặp khỉu tay được.|về mặt giải phẫu thì không thể gặp khỉu tay được. 
Tat_tan_tat_vu_tru_DI_NHAN_pha_00278_2.25s|Đoạn này nó bị phi logic và bị fan so cho nát luôn.|đoạn này nó bị phi logic và bị phan so cho nát luôn. 
Tat_tan_tat_vu_tru_DI_NHAN_pha_00279_3.75s|Chưa kể là cái móng vuốt của Wolverine trong phim này thì nhiều lúc nhìn hơi đồ chơi.|chưa kể là cái móng vuốt của wolverine trong phim này thì nhiều lúc nhìn hơi đồ chơi. 
Tat_tan_tat_vu_tru_DI_NHAN_pha_00280_7.77s|Mấy phần trước là kiểu hàng thật đấy. Phần này thì nghe nói sau đó là do hậu kỳ bị app tiến độ xong rồi bị dò dỉ bản phim lậu nên là móng trong không khác gì cắt rán giấy vào.|mấy phần trước là kiểu hàng thật đấy. phần này thì nghe nói sau đó là do hậu kỳ bị app tiến độ xong rồi bị dò dỉ bản phim lậu nên là móng trong không khác gì cắt rán giấy vào. 
Tat_tan_tat_vu_tru_DI_NHAN_pha_00281_9.63s|Thế giới này là đạo diễn Gay Finnhood muốn làm cái phim tối và bạo lực hơn, nó kiểu lâu gần 2017 nhưng mà Fox F phải chỉnh cho nó PG-13 cho trẻ con mua vé và kết quả là có vài đoạn tâm lý hơi bị hơi hợp.|thế giới này là đạo diễn gay finnhood muốn làm cái phim tối và bạo lực hơn, nó kiểu lâu gần hai nghìn mười bảy nhưng mà fox f phải chỉnh cho nó p g mười ba cho trẻ con mua vé và kết quả là có vài đoạn tâm lý hơi bị hơi hợp. 
Tat_tan_tat_vu_tru_DI_NHAN_pha_00282_6.91s|Tổng kết lại thì phim sáng nhất với lại 2 em hổ sói hành động hay, mặn nhán nhưng mà kỹ xảo khá là tệ và gần như là phá nát sự trung thành với con mích.|tổng kết lại thì phim sáng nhất với lại hai em hổ sói hành động hay, mặn nhán nhưng mà kỹ xảo khá là tệ và gần như là phá nát sự trung thành với con mích. 
Tat_tan_tat_vu_tru_DI_NHAN_pha_00283_6.10s|Nói chung thì nó có như là một phim đứng riêng thì tạ ổn.|nói chung thì nó có như là một phim đứng riêng thì tạ ổn. 
Tat_tan_tat_vu_tru_DI_NHAN_pha_00284_7.33s|Sau 3 phần chính và một phim riêng thì Fox quyết định là một cú reboot nhẹ không xóa vũ trụ cũ mà cũng không phải là bắt đầu lại mà thay bằng dàn cast mới,|sau ba phần chính và một phim riêng thì fox quyết định là một cú reboot nhẹ không xóa vũ trụ cũ mà cũng không phải là bắt đầu lại mà thay bằng dàn cast mới, 
Tat_tan_tat_vu_tru_DI_NHAN_pha_00285_5.23s|vẫn ở trong cùng một dòng thời gian và thế là chúng ta có X-Men First Class hay còn gọi thân mật là X-Men lớp 1.|vẫn ở trong cùng một dòng thời gian và thế là chúng ta có x men first class hay còn gọi thân mật là x men lớp một. 
Tat_tan_tat_vu_tru_DI_NHAN_pha_00286_2.08s|Phim này xoay quanh các dị nhân khi họ còn nhỏ hơn.|phim này xoay quanh các dị nhân khi họ còn nhỏ hơn. 
Tat_tan_tat_vu_tru_DI_NHAN_pha_00287_5.12s|Lúc này thì giáo sư X chơi ngồi xe lăn, Magneto vẫn đẹp dai còn Wolverine thì vẫn thế trong không giao thêm tí nào.|lúc này thì giáo sư x chơi ngồi xe lăn, magneto vẫn đẹp dai còn wolverine thì vẫn thế trong không giao thêm tí nào. 
Tat_tan_tat_vu_tru_DI_NHAN_pha_00288_9.60s|Mở đầu chúng ta quay ngược về năm 1944 tại trại tập trung Oswit, sự quan đức quốc xã Claude Smith chứng kiến cổ bé Eric Lancer bẻ cơm một cánh cổng sắt bằng tâm trí khi bị tách khỏi cha mẹ.|mở đầu chúng ta quay ngược về năm một nghìn chín trăm bốn mươi tư tại trại tập trung oswit, sự quan đức quốc xã claude smith chứng kiến cổ bé eric lancer bẻ cơm một cánh cổng sắt bằng tâm trí khi bị tách khỏi cha mẹ. 
Tat_tan_tat_vu_tru_DI_NHAN_pha_00289_3.75s|Smith đưa Eric vào văn phòng, đặt một đồng xu lên bàn và bảo cậu di chuyển nó.|smith đưa eric vào văn phòng, đặt một đồng xu lên bàn và bảo cậu di chuyển nó. 
Tat_tan_tat_vu_tru_DI_NHAN_pha_00290_7.49s|Eric không làm được, cơ mà Smith không nói nhiều, bắn chết ngay mẹ Eric ngay trước mắt cậu và trong khoảnh khắc quẫn trí thì năng lực tử tính của Eric bộc phát dữ dội,|eric không làm được, cơ mà smith không nói nhiều, bắn chết ngay mẹ eric ngay trước mắt cậu và trong khoảnh khắc quẫn trí thì năng lực tử tính của eric bộc phát dữ dội, 
Tat_tan_tat_vu_tru_DI_NHAN_pha_00291_6.05s|phá nát toàn bộ căn phòng. Cùng thời điểm đó thì tại một dinh thự ở New York, cổ bé Charles Xavier có năng lực ngoại cảm gặp Raven,|phá nát toàn bộ căn phòng. cùng thời điểm đó thì tại một dinh thự ở new york, cổ bé charles xavier có năng lực ngoại cảm gặp raven, 
Tat_tan_tat_vu_tru_DI_NHAN_pha_00292_4.31s|một diễn viên da xanh vẩy biến hình được. Charles mời Raven về sống cùng mình như một người em gái.|một diễn viên da xanh vẩy biến hình được. charles mời raven về sống cùng mình như một người em gái. 
Tat_tan_tat_vu_tru_DI_NHAN_pha_00293_3.99s|Nhảy sang năm 1962, Eric giờ đã trưởng thành đi sân khấu Smith khắp thế giới.|nhảy sang năm một nghìn chín trăm sáu mươi hai, eric giờ đã trưởng thành đi sân khấu smith khắp thế giới. 
Tat_tan_tat_vu_tru_DI_NHAN_pha_00294_4.29s|Charles thì vừa nhận bằng tiến sĩ tại Đại học Oxford sống đời sống trí thức, đẹp trai,|charles thì vừa nhận bằng tiến sĩ tại đại học oxford sống đời sống trí thức, đẹp trai, 
Tat_tan_tat_vu_tru_DI_NHAN_pha_00295_7.41s|dầu, hơi bị tự phụ và hào hoa. Tại Las Vegas thì đặc vụ CIA mời ra mức Target đã theo dõi đại tả Mỹ Henry đi vào Hellfire Club.|dầu, hơi bị tự phụ và hào hoa. tại las vegas thì đặc vụ cia mời ra mức target đã theo dõi đại tả mỹ henry đi vào hellfire cờ lắp. 
Tat_tan_tat_vu_tru_DI_NHAN_pha_00296_5.11s|Ở đây thì Henry gặp Sebastian Shaw chính là Smith đổi tên Emma Frost nữ ngoại cảm,|ở đây thì henry gặp sebastian shaw chính là smith đổi tên emma frost nữ ngoại cảm, 
Tat_tan_tat_vu_tru_DI_NHAN_pha_00297_2.95s|Rip Tide tại Lốc Xoáy và O 'Zazel, dị nhân dịch chuyển.|rip tide tại lốc xoáy và o zazel, dị nhân dịch chuyển. 
Tat_tan_tat_vu_tru_DI_NHAN_pha_00298_3.79s|Shaw đe dọa Henry, còn O 'Zazel thì dịch chuyển thẳng Henry vào phòng tác chiến chung.|shaw đe dọa henry, còn o zazel thì dịch chuyển thẳng henry vào phòng tác chiến chung. 
Tat_tan_tat_vu_tru_DI_NHAN_pha_00299_5.76s|Thế là trong cơn hoảng loạn, Henry vận động triển khai tên lửa hạt nhân tại Thổ Nhĩ Kỳ và sau khi xong việc thì Shaw giết luôn Henry.|thế là trong cơn hoảng loạn, henry vận động triển khai tên lửa hạt nhân tại thổ nhĩ kỳ và sau khi xong việc thì shaw giết luôn henry. 
Tat_tan_tat_vu_tru_DI_NHAN_pha_00300_2.11s|Mức Target tìm đến Xavier cầu cứu.|mức target tìm đến xavier cầu cứu. 
Tat_tan_tat_vu_tru_DI_NHAN_pha_00301_5.61s|Charles cùng với Raven đến CIA, thuyết phục giám đốc rằng dị nhân là có thật và Shaw là một mối đe dọa toàn cầu.|charles cùng với raven đến cia, thuyết phục giám đốc rằng dị nhân là có thật và shaw là một mối đe dọa toàn cầu. 
Tat_tan_tat_vu_tru_DI_NHAN_pha_00302_4.55s|Một đặc vụ CIA khác đứng ra bảo trợ cho họ và đưa họ đến cơ sở bí mật Division X.|một đặc vụ cia khác đứng ra bảo trợ cho họ và đưa họ đến cơ sở bí mật division x. 
Tat_tan_tat_vu_tru_DI_NHAN_pha_00303_3.30s|Mức Target và Xavier tìm thấy Shaw đúng lúc Eric đang tấn công hắn.|mức target và xavier tìm thấy shaw đúng lúc eric đang tấn công hắn. 
Tat_tan_tat_vu_tru_DI_NHAN_pha_00304_3.03s|Xavier cứu Eric khỏi chết đuối ngay trước khi Shaw trốn thoát.|xavier cứu eric khỏi chết đuối ngay trước khi shaw trốn thoát. 
Tat_tan_tat_vu_tru_DI_NHAN_pha_00305_4.51s|Charles đưa Eric về Division X. Tại đây họ gặp hành mức Coi, một dị nhân kiếm nhà khoa học,|charles đưa eric về division x. tại đây họ gặp hành mức coi, một dị nhân kiếm nhà khoa học, 
Tat_tan_tat_vu_tru_DI_NHAN_pha_00306_2.63s|có bàn chân như cái tay với cái bản là khỉ phía mặt học thức.|có bàn chân như cái tay với cái bản là khỉ phía mặt học thức. 
Tat_tan_tat_vu_tru_DI_NHAN_pha_00307_5.73s|Xavier dùng Cerebro do mức Coi chế tạo để tìm và chờ một dị nhân bao gồm Angel Salvador,|xavier dùng cerebro do mức coi chế tạo để tìm và chờ một dị nhân bao gồm angel salvador, 
Tat_tan_tat_vu_tru_DI_NHAN_pha_00308_4.71s|Amandol Munoz tức là Dark Wind, Alex Summer tức là Havok và Sean Cassidy tức là Benji.|amandol munoz tức là dark wind, alex summer tức là havok và sean cassidy tức là benji. 
Tat_tan_tat_vu_tru_DI_NHAN_pha_00309_3.47s|Và tất cả cùng tìm đến Logan nhưng mà Logan bảo là cút mẹ mày đi.|và tất cả cùng tìm đến logan nhưng mà logan bảo là cút mẹ mày đi. 
Tat_tan_tat_vu_tru_DI_NHAN_pha_00310_7.38s|Và họ cút thật. Xavier, Eric và M Target sang Liên Xô bắt giữ Emma Frost và phát hiện âm mưu của Shaw là khơi màu thế chiến 3 để tiêu diệt loài người,|và họ cút thật. xavier, eric và m target sang liên xô bắt giữ emma frost và phát hiện âm mưu của shaw là khơi màu thế chiến ba để tiêu diệt loài người, 
Tat_tan_tat_vu_tru_DI_NHAN_pha_00311_5.81s|để dị nhân thống trị thế giới. Ngay sau đó O 'Zazo, Riptide và Shaw tấn công Division X khử toàn bộ nhân viên,|để dị nhân thống trị thế giới. ngay sau đó o zazo, riptide và shaw tấn công division x khử toàn bộ nhân viên, 
Tat_tan_tat_vu_tru_DI_NHAN_pha_00312_2.65s|chờ lại đám dị nhân trẻ. Shaw mời họ ra nhà phê mình.|chờ lại đám dị nhân trẻ. shaw mời họ ra nhà phê mình. 
Tat_tan_tat_vu_tru_DI_NHAN_pha_00313_4.13s|Angel thì đồng ý và khi Alex và Dark Wind phản kháng thì Shaw đã giết chết Dark Wind.|angel thì đồng ý và khi alex và dark wind phản kháng thì shaw đã giết chết dark wind. 
Tat_tan_tat_vu_tru_DI_NHAN_pha_00314_2.49s|Người vừa nổ là có thể thích nghi với mọi môi trường.|người vừa nổ là có thể thích nghi với mọi môi trường. 
Tat_tan_tat_vu_tru_DI_NHAN_pha_00315_8.81s|Ừ thì thích nghi kiểu Fox. Tại Mascavar thì Shaw ép Liên Xô và phá vỡ phòng phong tỏa của Mỹ.|ừ thì thích nghi kiểu fox. tại mascavar thì shaw ép liên xô và phá vỡ phòng phong tỏa của mỹ. 
Tat_tan_tat_vu_tru_DI_NHAN_pha_00316_3.31s|Xavier đưa Catan Bing về dinh thự và huấn luyện họ kiểm soát năng lực.|xavier đưa catan bing về dinh thự và huấn luyện họ kiểm soát năng lực. 
Tat_tan_tat_vu_tru_DI_NHAN_pha_00317_3.31s|Mascavar tin rằng là DNA của Raven có thể dùng để chữa ngoại hình của mình.|mascavar tin rằng là dna của raven có thể dùng để chữa ngoại hình của mình. 
Tat_tan_tat_vu_tru_DI_NHAN_pha_00318_5.98s|Anh đã chuẩn bị sẵn thuốc, nhưng mà Raven sau khi gạ trình bắt thành lại được Eric thông não đã quyết định là không tray dấu bản thân và từ chối thuốc.|anh đã chuẩn bị sẵn thuốc, nhưng mà raven sau khi gạ trình bắt thành lại được eric thông não đã quyết định là không tray dấu bản thân và từ chối thuốc. 
Tat_tan_tat_vu_tru_DI_NHAN_pha_00319_2.08s|Thế là Mascavar tự uốn thuốc và thuốc phản tác dụng.|thế là mascavar tự uốn thuốc và thuốc phản tác dụng. 
Tat_tan_tat_vu_tru_DI_NHAN_pha_00320_2.28s|Anh biến thành Beast lông xanh trông như quái vật phim Disney.|anh biến thành beast lông xanh trông như quái vật phim đýts ni. 
Tat_tan_tat_vu_tru_DI_NHAN_pha_00321_2.73s|Các dị nhân và Muck Target banh đến danh giới phong tỏa Cuba.|các dị nhân và muck target banh đến danh giới phong tỏa cuba. 
Tat_tan_tat_vu_tru_DI_NHAN_pha_00322_3.66s|Xavier dùng ngoại cảm khiến một thủy thủ Liên Xô phá hủy tàu tên lửa.|xavier dùng ngoại cảm khiến một thủy thủ liên xô phá hủy tàu tên lửa. 
Tat_tan_tat_vu_tru_DI_NHAN_pha_00323_2.67s|Eric thì dùng tự lực để nhấc nguyên tàu ngầm của Shaw lên đất liền.|eric thì dùng tự lực để nhấc nguyên tàu ngầm của shaw lên đất liền. 
Tat_tan_tat_vu_tru_DI_NHAN_pha_00324_2.95s|Eric cướp mũ bảo hiểm của Shaw. Xavier làm tên liệt thắn.|eric cướp mũ bảo hiểm của shaw. xavier làm tên liệt thắn. 
Tat_tan_tat_vu_tru_DI_NHAN_pha_00325_3.55s|Cơ mà Eric thì lại đồng tình với lý tưởng của Shaw nhưng mà vẫn muốn trả thù cho mẹ.|cơ mà eric thì lại đồng tình với lý tưởng của shaw nhưng mà vẫn muốn trả thù cho mẹ. 
Tat_tan_tat_vu_tru_DI_NHAN_pha_00326_5.70s|Trong lúc Shaw bị Xavier không cháy tâm trí thì Eric đã dùng tự lực ép đổng súng đức quốc xã xuyên từ từ qua đầu hắn.|trong lúc shaw bị xavier không cháy tâm trí thì eric đã dùng tự lực ép đổng súng đức quốc xã xuyên từ từ qua đầu hắn. 
Tat_tan_tat_vu_tru_DI_NHAN_pha_00327_2.72s|Hai hạm đội Mỹ - Xô do quá sợ hãi nên đã nổ súng vào dị nhân.|hai hạm đội mỹ xô do quá sợ hãi nên đã nổ súng vào dị nhân. 
Tat_tan_tat_vu_tru_DI_NHAN_pha_00328_2.16s|Eric để ngược toàn bộ đạn và tên lửa.|eric để ngược toàn bộ đạn và tên lửa. 
Tat_tan_tat_vu_tru_DI_NHAN_pha_00329_4.89s|McTugget bắn Eric. Eric gạt viên đạn đi nhưng mà nó bay làm cuộc sống của Xavier khi mà anh cố can thiệp.|mctugget bắn eric. eric gạt viên đạn đi nhưng mà nó bay làm cuộc sống của xavier khi mà anh cố can thiệp. 
Tat_tan_tat_vu_tru_DI_NHAN_pha_00330_4.95s|Shaw gục xuống và không bao giờ đi lại được nữa. Xavier và Eric chia tay nhau vì bất đồng quan điểm.|shaw gục xuống và không bao giờ đi lại được nữa. xavier và eric chia tay nhau vì bất đồng quan điểm. 
Tat_tan_tat_vu_tru_DI_NHAN_pha_00331_3.00s|Eric giờ đi cùng Angel, Erzazo, Riptide và Raven.|eric giờ đi cùng angel, erzazo, riptide và raven. 
Tat_tan_tat_vu_tru_DI_NHAN_pha_00332_2.91s|Xavier lăn xe về dinh thự và mở trường học cho dị nhân.|xavier lăn xe về dinh thự và mở trường học cho dị nhân. 
Tat_tan_tat_vu_tru_DI_NHAN_pha_00333_4.21s|McTugget hứa giữ bí mật nhưng mà Xavier đã xóa ký ức của cô để đảm bảo an toàn tuyệt đối.|mctugget hứa giữ bí mật nhưng mà xavier đã xóa ký ức của cô để đảm bảo an toàn tuyệt đối. 
Tat_tan_tat_vu_tru_DI_NHAN_pha_00334_4.26s|Eric chính thức trở thành Magneto. Sau đó thì hội anh em đột biến giải cứu Emma Frost khỏi nhà tù.|eric chính thức trở thành magneto. sau đó thì hội anh em đột biến giải cứu emma frost khỏi nhà tù. 
Tat_tan_tat_vu_tru_DI_NHAN_pha_00335_5.50s|Phải công nhận là phim này casting quá là tốt. James McAvoy với lại Michael Fassbender sinh ra để đắm cái phim này.|phải công nhận là phim này casting quá là tốt. james mcavoy với lại michael fassbender sinh ra để đắm cái phim này. 
Tat_tan_tat_vu_tru_DI_NHAN_pha_00336_6.35s|Dù Patrick Stewart và Ian McKellen vẫn là tượng đài nhưng mà McAvoy và Fassbender không hề bị lù mờ trước những cái bóng quá lớn đó.|dù patrick stewart và ian mckellen vẫn là tượng đài nhưng mà mcavoy và fassbender không hề bị lù mờ trước những cái bóng quá lớn đó. 
Tat_tan_tat_vu_tru_DI_NHAN_pha_00337_5.63s|McAvoy thể hiện một cái charge trẻ, tựa phụ, đà hoa, hơi ngây ngô rồi trở thành một người thầy đầy chắc ẩn.|mcavoy thể hiện một cái charge trẻ, tựa phụ, đà hoa, hơi ngây ngô rồi trở thành một người thầy đầy chắc ẩn. 
Tat_tan_tat_vu_tru_DI_NHAN_pha_00338_4.32s|Còn Fassbender này quá là ngầu. Như một điệp viên 007 đi sân fascist, ánh mắt thù hận,|còn fassbender này quá là ngầu. như một điệp viên bảy đi sân fascist, ánh mắt thù hận, 
Tat_tan_tat_vu_tru_DI_NHAN_pha_00339_4.61s|lạnh lùng. Đặc biệt là cái ánh mắt ở đoạn đánh ngược tiên lửa thì tôi thực sự cảm thấy được cái sự phẫn nội trong đấy.|lạnh lùng. đặc biệt là cái ánh mắt ở đoạn đánh ngược tiên lửa thì tôi thực sự cảm thấy được cái sự phẫn nội trong đấy. 
Tat_tan_tat_vu_tru_DI_NHAN_pha_00340_3.97s|Phim này đã lồng ghép khủng hoảng tên lửa Cuba năm 1962 và cốt truyện một cách khá là tài tình.|phim này đã lồng ghép khủng hoảng tên lửa cuba năm một nghìn chín trăm sáu mươi hai và cốt truyện một cách khá là tài tình. 
Tat_tan_tat_vu_tru_DI_NHAN_pha_00341_3.65s|Biến sự kiện lịch sử thành âm mưu của dị nhân khiến phim nó kiểu dễ liên hệ hơn.|biến sự kiện lịch sử thành âm mưu của dị nhân khiến phim nó kiểu dễ liên hệ hơn. 
Tat_tan_tat_vu_tru_DI_NHAN_pha_00342_2.59s|Câu hỏi trung tâm của phim này là làm sao để hòa nhập với nhau.|câu hỏi trung tâm của phim này là làm sao để hòa nhập với nhau. 
Tat_tan_tat_vu_tru_DI_NHAN_pha_00343_3.77s|Charge thì tin vào giáo dục và thấu cảm, còn Eric thì tin vào sức mạnh và phản kháng.|charge thì tin vào giáo dục và thấu cảm, còn eric thì tin vào sức mạnh và phản kháng. 
Tat_tan_tat_vu_tru_DI_NHAN_pha_00344_4.67s|Đánh cảnh Eric nâng vệ tinh khổng lồ dưới sự hướng dẫn của Charge là một cái khoảnh khắc rất là đẹp và cảm lý.|đánh cảnh eric nâng vệ tinh khổng lồ dưới sự hướng dẫn của charge là một cái khoảnh khắc rất là đẹp và cảm lý. 
Tat_tan_tat_vu_tru_DI_NHAN_pha_00345_4.40s|Chuyện này có một đoạn đánh ngược tiên lửa chó. Chó là một khói mặt của phim. Kevin Bacon trong vai Chó, địch lãm nhưng mà tàn nhẫn là một phản diện có chiều sâu.|chuyện này có một đoạn đánh ngược tiên lửa chó. chó là một khói mặt của phim. kevin bacon trong vai chó, địch lãm nhưng mà tàn nhẫn là một phản diện có chiều sâu. 
Tat_tan_tat_vu_tru_DI_NHAN_pha_00346_5.85s|Chó là tấm gương đen tối của Eric khiến Eric nhận ra là đôi khi để bảo vệ giống loài thì chúng ta phải trở thành quái vật.|chó là tấm gương đen tối của eric khiến eric nhận ra là đôi khi để bảo vệ giống loài thì chúng ta phải trở thành quái vật. 
Tat_tan_tat_vu_tru_DI_NHAN_pha_00347_4.57s|Và từ đó thấy Magneto ra đời. Ngoài Beats và Raven, Banshee, Havok và Azazel,|và từ đó thấy magneto ra đời. ngoài beats và raven, banshee, havok và azazel, 
Tat_tan_tat_vu_tru_DI_NHAN_pha_00348_2.46s|chủ yếu để phô diễn năng lực chưa có câu chuyện riêng đủ sâu.|chủ yếu để phô diễn năng lực chưa có câu chuyện riêng đủ sâu. 
Tat_tan_tat_vu_tru_DI_NHAN_pha_00349_2.52s|Nhưng mà phim này có một đoạn bị ăn chửi nhiều nhất là đoạn của Dark Wind.|nhưng mà phim này có một đoạn bị ăn chửi nhiều nhất là đoạn của dark wind. 
Tat_tan_tat_vu_tru_DI_NHAN_pha_00350_4.17s|Năng lực thích nghi sinh tồn nhưng mà chết kế dục sau một đoạn của chó thì khá là phi lý.|năng lực thích nghi sinh tồn nhưng mà chết kế dục sau một đoạn của chó thì khá là phi lý. 
Tat_tan_tat_vu_tru_DI_NHAN_pha_00351_4.07s|Ngoài cái cảnh đánh ngược tên lửa cảnh đồng xu của Eric cũng là một cái khoảnh khắc khiến tôi nổi da gà.|ngoài cái cảnh đánh ngược tên lửa cảnh đồng xu của eric cũng là một cái khoảnh khắc khiến tôi nổi da gà. 
Tat_tan_tat_vu_tru_DI_NHAN_pha_00352_4.79s|Nó khá là đỉnh. Cái nhân tôi thấy thì First Class là một trong những cái phim hay nhất toàn bộ vũ trụ X-Men.|nó khá là đỉnh. cái nhân tôi thấy thì first class là một trong những cái phim hay nhất toàn bộ vũ trụ x men. 
Tat_tan_tat_vu_tru_DI_NHAN_pha_00353_3.99s|Hiếm có phim nào mà tôi nhớ được cực như là mọi chi tiết tại vì nó gây ấn tượng quá là mạnh.|hiếm có phim nào mà tôi nhớ được cực như là mọi chi tiết tại vì nó gây ấn tượng quá là mạnh. 
Tat_tan_tat_vu_tru_DI_NHAN_pha_00354_6.01s|Tiếp theo là một bộ phim mà không có chữ X-Men trong tiêu đề,|tiếp theo là một bộ phim mà không có chữ x men trong tiêu đề, 
Tat_tan_tat_vu_tru_DI_NHAN_pha_00355_4.87s|Giờ Wolverine. Xem phim này xong rồi tôi hiểu vì sao Wolverine đuổi thẳng hai ông anh trong X-Men First Class luôn.|giờ wolverine. xem phim này xong rồi tôi hiểu vì sao wolverine đuổi thẳng hai ông anh trong x men first class luôn. 
Tat_tan_tat_vu_tru_DI_NHAN_pha_00356_4.97s|Phim này nói trực tiếp với post-credit của X-Men Origins khi mà Logan đang ngồi trong một quán bà ở Nhật Bản.|phim này nói trực tiếp với post credit của x men origins khi mà logan đang ngồi trong một quán bà ở nhật bản. 
Tat_tan_tat_vu_tru_DI_NHAN_pha_00357_2.63s|Nhưng ở trước đó thì phim quay ngược về thế chiến 2 năm 1945.|nhưng ở trước đó thì phim quay ngược về thế chiến hai năm một nghìn chín trăm bốn mươi lăm. 
Tat_tan_tat_vu_tru_DI_NHAN_pha_00358_2.77s|Logan bị giam trong một trại tù binh Nhật gần Nagasaki.|logan bị giam trong một trại tù binh nhật gần nagasaki. 
Tat_tan_tat_vu_tru_DI_NHAN_pha_00359_5.53s|Khi mà Mỹ thả quả sơ cấp dân chủ xuống thành phố này thì Logan đã cứu sống một sĩ quan Nhật tên là Ichiro Yashida.|khi mà mỹ thả quả sơ cấp dân chủ xuống thành phố này thì logan đã cứu sống một sĩ quan nhật tên là ichiro yashida. 
Tat_tan_tat_vu_tru_DI_NHAN_pha_00360_3.11s|Trở lại hiện tại thì Logan sống ẩn và tên là Maki.|trở lại hiện tại thì logan sống ẩn và tên là maki. 
Tat_tan_tat_vu_tru_DI_NHAN_pha_00361_2.88s|Maki là một người thân thiết như một kẻ lữ hành suốt ngày bị hành hạ bởi ảo giác về Jean Grey.|maki là một người thân thiết như một kẻ lữ hành suốt ngày bị hành hạ bởi ảo giác về jean grey. 
Tat_tan_tat_vu_tru_DI_NHAN_pha_00362_3.40s|Anh được tìm thấy bởi Yuki, một nữ dị nhân có khả năng tiên đoán cái chết.|anh được tìm thấy bởi yuki, một nữ dị nhân có khả năng tiên đoán cái chết. 
Tat_tan_tat_vu_tru_DI_NHAN_pha_00363_5.45s|Yukio đại diện cho Yashida, giờ đã là CEO của một tập đoàn Batsu, hiểu nôm na là chê bơ của Nhật Bản.|yukio đại diện cho yashida, giờ đã là giám đốc điều hành của một tập đoàn batsu, hiểu nôm na là chê bơ của nhật bản. 
Tat_tan_tat_vu_tru_DI_NHAN_pha_00364_4.75s|Yashida giờ sắp ngỏm vì ung thư. Ông muốn Logan về Nhật để trả ơn cứu mạng năm xưa.|yashida giờ sắp ngỏm vì ung thư. ông muốn logan về nhật để trả ơn cứu mạng năm xưa. 
Tat_tan_tat_vu_tru_DI_NHAN_pha_00365_3.80s|Tại Tokyo thì Logan gặp con trai Yashida là Shingen và cháu gái là Mariko.|tại tokyo thì logan gặp con trai yashida là shingen và cháu gái là mariko. 
Tat_tan_tat_vu_tru_DI_NHAN_pha_00366_9.59s|Yashida đưa ra một đề nghị nghe rất là đạo lý là chuyển khả năng tự chữa lành của Logan sang cho ông để ông cứu sống mình và thoát Logan khỏi kế hoạch bất tử mà anh luôn coi là một lời nguyền.|yashida đưa ra một đề nghị nghe rất là đạo lý là chuyển khả năng tự chữa lành của logan sang cho ông để ông cứu sống mình và thoát logan khỏi kế hoạch bất tử mà anh luôn coi là một lời nguyền. 
Tat_tan_tat_vu_tru_DI_NHAN_pha_00367_2.33s|Cơ mà Logan từ chối và chuẩn bị rời Nhật vào ngày hôm sau.|cơ mà logan từ chối và chuẩn bị rời nhật vào ngày hôm sau. 
Tat_tan_tat_vu_tru_DI_NHAN_pha_00368_4.43s|Đêm đó thì bác sĩ riêng của Yashida, tiến sĩ Green, đầu độc Logan khi mà anh ấy đang ngủ.|đêm đó thì bác sĩ riêng của yashida, tiến sĩ green, đầu độc logan khi mà anh ấy đang ngủ. 
Tat_tan_tat_vu_tru_DI_NHAN_pha_00369_4.49s|Nhưng mà Logan chỉ nghĩ đó là một cơn ác mộng. Sáng hôm sau thì Jukio bảo tin là Yashida đã qua đời.|nhưng mà logan chỉ nghĩ đó là một cơn ác mộng. sáng hôm sau thì jukio bảo tin là yashida đã qua đời. 
Tat_tan_tat_vu_tru_DI_NHAN_pha_00370_2.97s|Tại đám tang thì Jaguza bất ngờ tấn công để bắt cóc Mariko.|tại đám tang thì jaguza bất ngờ tấn công để bắt cóc mariko. 
Tat_tan_tat_vu_tru_DI_NHAN_pha_00371_6.35s|Logan và Mariko chạy trốn giữa dòng người Tokyo Logan bị bắn và lần đầu tiên thì vết thương của anh không hồi phục chăng như trước.|logan và mariko chạy trốn giữa dòng người tokyo logan bị bắn và lần đầu tiên thì vết thương của anh không hồi phục chăng như trước. 
Tat_tan_tat_vu_tru_DI_NHAN_pha_00372_6.51s|Sau khi sửa thêm một đám Yashida trên tàu cao tốc thì Logan và Mariko ẩn nấu cho một khách sạn tình yêu nhưng mà không có chuyện gì xảy ra cả.|sau khi sửa thêm một đám yashida trên tàu cao tốc thì logan và mariko ẩn nấu cho một khách sạn tình yêu nhưng mà không có chuyện gì xảy ra cả. 
Tat_tan_tat_vu_tru_DI_NHAN_pha_00373_3.76s|Hai người tiếp tục đến ngôi nhà của Yashida ở Nagasaki và dân này xin tình cảm.|hai người tiếp tục đến ngôi nhà của yashida ở nagasaki và dân này xin tình cảm. 
Tat_tan_tat_vu_tru_DI_NHAN_pha_00374_3.87s|Cùng lúc đó thì Yukio thấy vĩnh cảnh Logan sắp chết và tìm đến cảnh báo Anh.|cùng lúc đó thì yukio thấy vĩnh cảnh logan sắp chết và tìm đến cảnh báo anh. 
Tat_tan_tat_vu_tru_DI_NHAN_pha_00375_2.01s|Nhưng mà Mariko lại bị Yashida bắt đi.|nhưng mà mariko lại bị yashida bắt đi. 
Tat_tan_tat_vu_tru_DI_NHAN_pha_00376_5.09s|Logan và Yukio đối mặt với vị hôn phu của Mariko là Noburo Mori một bộ trưởng tư pháp tham nhũng.|logan và yukio đối mặt với vị hôn phu của mariko là noburo mori một bộ trưởng tư pháp tham nhũng. 
Tat_tan_tat_vu_tru_DI_NHAN_pha_00377_6.74s|Mori thú nhận là hắn đã cấu kết với Shingen bắt cóc Mariko vì Yashida đã để lại quyền điều hành tập đoàn cho Mariko chứ không phải là Shingen.|mori thú nhận là hắn đã cấu kết với shingen bắt cóc mariko vì yashida đã để lại quyền điều hành tập đoàn cho mariko chứ không phải là shingen. 
Tat_tan_tat_vu_tru_DI_NHAN_pha_00378_4.67s|Mariko bị đưa đến dinh thự Yashida các ninja do Harada dẫn đầu đã tấn công và đưa cô đi.|mariko bị đưa đến dinh thự yashida các ninja do harada dẫn đầu đã tấn công và đưa cô đi. 
Tat_tan_tat_vu_tru_DI_NHAN_pha_00379_5.83s|Logan và Yukio thì đến sau và họ phát hiện một ký sinh chùng robot đang bám vào tim Logan gây ức chế khả năng hồi phục.|logan và yukio thì đến sau và họ phát hiện một ký sinh chùng robot đang bám vào tim logan gây ức chế khả năng hồi phục. 
Tat_tan_tat_vu_tru_DI_NHAN_pha_00380_2.97s|Thế là Logan không nói nhiều, tự giặt ngực mình và lôi con robot ra.|thế là logan không nói nhiều, tự giặt ngực mình và lôi con robot ra. 
Tat_tan_tat_vu_tru_DI_NHAN_pha_00381_4.83s|Shingen xuất hiện tấn công Yukio cầm chân hắn đủ lâu để Logan hồi phục và kết liễu Shingen.|shingen xuất hiện tấn công yukio cầm chân hắn đủ lâu để logan hồi phục và kết liễu shingen. 
Tat_tan_tat_vu_tru_DI_NHAN_pha_00382_6.82s|Logan lần theo dấu vết Mariko đến ngôi làng nơi mà Yashida sinh ra các ninja của Harada đã bắt giữ Logan. Tiến sĩ Green đưa anh vào|logan lần theo dấu vết mariko đến ngôi làng nơi mà yashida sinh ra các ninja của harada đã bắt giữ logan. tiến sĩ green đưa anh vào
Tat_tan_tat_vu_tru_DI_NHAN_pha_00383_6.52s|một cỗ máy để tiết lộ kế hoạch là hút năng lực hồi phục của Logan và giới thiệu Silver Samurai một bộ giáp khổng lồ với Katana.|một cỗ máy để tiết lộ kế hoạch là hút năng lực hồi phục của logan và giới thiệu silver samurai một bộ giáp khổng lồ với katana. 
Tat_tan_tat_vu_tru_DI_NHAN_pha_00384_3.32s|Adamantium đúng đỏ. Mariko thoát khỏi Harada để giải cứu Logan.|adamantium đúng đỏ. mariko thoát khỏi harada để giải cứu logan. 
Tat_tan_tat_vu_tru_DI_NHAN_pha_00385_4.13s|Harada nhận ra sai lầm nhưng mà bị Silver Samurai giết chết khi mà đang giúp Logan trốn thoát.|harada nhận ra sai lầm nhưng mà bị silver samurai giết chết khi mà đang giúp logan trốn thoát. 
Tat_tan_tat_vu_tru_DI_NHAN_pha_00386_9.75s|Yukio tới và chém Tiến sĩ Green. Logan chiến đấu với Silver Samurai nhưng mà anh bị chặt đứt bóng Adamantium và bị hút dần. Lúc này thì kẻ bên trong bộ giáp lộ diện và đó chính là Yashida.|yukio tới và chém tiến sĩ green. logan chiến đấu với silver samurai nhưng mà anh bị chặt đứt bóng adamantium và bị hút dần. lúc này thì kẻ bên trong bộ giáp lộ diện và đó chính là yashida. 
Tat_tan_tat_vu_tru_DI_NHAN_pha_00387_6.99s|Hóa ra là Yashida đã giả chết và bây giờ thì đang trẻ lại nhưng mà Mariko can thiệp dùng chính những mỏng móng bị chém đứt của Logan để đâm ông ta.|hóa ra là yashida đã giả chết và bây giờ thì đang trẻ lại nhưng mà mariko can thiệp dùng chính những mỏng móng bị chém đứt của logan để đâm ông ta. 
Tat_tan_tat_vu_tru_DI_NHAN_pha_00388_10.84s|Sau đó thì Logan mọc lại móng xương và xin luôn Yashida rồi Logan gục xuống và có ảo giác cuối cùng về Green. Lần này thì anh đã chủ động để cô ra đi và khi mọi chuyện kết thúc thì Mariko trở thành CEO của tập đoàn Yashida.|sau đó thì logan mọc lại móng xương và xin luôn yashida rồi logan gục xuống và có ảo giác cuối cùng về green. lần này thì anh đã chủ động để cô ra đi và khi mọi chuyện kết thúc thì mariko trở thành giám đốc điều hành của tập đoàn yashida. 
Tat_tan_tat_vu_tru_DI_NHAN_pha_00389_2.09s|Cô chia tay Logan khi mà anh giờ nhật.|cô chia tay logan khi mà anh giờ nhật. 
Tat_tan_tat_vu_tru_DI_NHAN_pha_00390_4.79s|Yukio thề sẽ ở bên Logan với tư cách cận vệ và cả hai lên máy bay đi đến một nơi chưa xác định.|yukio thề sẽ ở bên logan với tư cách cận vệ và cả hai lên máy bay đi đến một nơi chưa xác định. 
Tat_tan_tat_vu_tru_DI_NHAN_pha_00391_6.89s|Hai năm sau thì Logan trở lại Mỹ và gặp Charles Xavier cùng với Eric Lancher họ cảnh báo anh về một loại vũ khí mới mà con người đang chế tạo,|hai năm sau thì logan trở lại mỹ và gặp charles xavier cùng với eric lancher họ cảnh báo anh về một loại vũ khí mới mà con người đang chế tạo, 
Tat_tan_tat_vu_tru_DI_NHAN_pha_00392_2.20s|thứ mà có thể mang lại sự diệt vong cho toàn bộ diện nhân.|thứ mà có thể mang lại sự diệt vong cho toàn bộ diện nhân. 
Tat_tan_tat_vu_tru_DI_NHAN_pha_00393_2.93s|Phải nói thật là chọn Nhật Bản làm bối cảnh là một đất đi khá là thú vị.|phải nói thật là chọn nhật bản làm bối cảnh là một đất đi khá là thú vị. 
Tat_tan_tat_vu_tru_DI_NHAN_pha_00394_2.43s|Chúng ta đã quá quen đến việc là mọi thứ diễn ra ở Mỹ rồi.|chúng ta đã quá quen đến việc là mọi thứ diễn ra ở mỹ rồi. 
Tat_tan_tat_vu_tru_DI_NHAN_pha_00395_6.67s|Cái phong cách Noah Fasamura trong phim này rất là hợp với Logan thoát ly khỏi cái kiểu hành động cháy nổ Mỹ để mang hơi hướng phim tội phạm Nhật.|cái phong cách noah fasamura trong phim này rất là hợp với logan thoát ly khỏi cái kiểu hành động cháy nổ mỹ để mang hơi hướng phim tội phạm nhật. 
Tat_tan_tat_vu_tru_DI_NHAN_pha_00396_3.12s|Cái việc khai thác Logan ở thời điểm yếu đuối nhất là một lợi chọn cũng hay.|cái việc khai thác logan ở thời điểm yếu đuối nhất là một lợi chọn cũng hay. 
Tat_tan_tat_vu_tru_DI_NHAN_pha_00397_12.39s|Khi mà mất khả năng hồi phục thì mỗi trận đánh đều trở nên căng thẳng và có cảm giác Logan có thể chết bất cứ lúc nào, cái cảnh Logan đánh Jakusa trên tàu cao tốc đang lao hàng trăm km/h, tận dụng gió và trọng lực khá mãn nhãn. Giàn cast người Nhật thì cũng chất lượng.|khi mà mất khả năng hồi phục thì mỗi trận đánh đều trở nên căng thẳng và có cảm giác logan có thể chết bất cứ lúc nào, cái cảnh logan đánh jakusa trên tàu cao tốc đang lao hàng trăm ki lô mét trên giờ, tận dụng gió và trọng lực khá mãn nhãn. giàn cast người nhật thì cũng chất lượng. 
Tat_tan_tat_vu_tru_DI_NHAN_pha_00398_3.11s|Yukio thì không phải là bình hoa di động, tóc đỏ, cầm kiếm đất ngầu,|yukio thì không phải là bình hoa di động, tóc đỏ, cầm kiếm đất ngầu, 
Tat_tan_tat_vu_tru_DI_NHAN_pha_00399_10.17s|Mariko thì xinh và có vai trò thật chăm cốt truyện chứ không phải là kiểu|mariko thì xinh và có vai trò thật chăm cốt truyện chứ không phải là kiểu
Tat_tan_tat_vu_tru_DI_NHAN_pha_00400_13.00s|bánh nhưng mà sau hơn một tiếng rưỡi phim theo phong cách thực tế thì tự dưng lại xuất hiện một con robot khổng lồ thì khiến phim chuyển sang kiểu siêu hùng đấm robot nó hơi xến và mất cái chất thẩm mỹ của phần đầu xong rồi phản diện Dr.|bánh nhưng mà sau hơn một tiếng rưỡi phim theo phong cách thực tế thì tự dưng lại xuất hiện một con robot khổng lồ thì khiến phim chuyển sang kiểu siêu hùng đấm robot nó hơi xến và mất cái chất thẩm mỹ của phần đầu xong rồi phản diện dr. 
Tat_tan_tat_vu_tru_DI_NHAN_pha_00401_3.63s|green thì khá là mờ nhạt mà cũng hơi dập khuôn kiểu ác nhân chuyện tranh cũ ấy.|green thì khá là mờ nhạt mà cũng hơi dập khuôn kiểu ác nhân chuyện tranh cũ ấy. 
Tat_tan_tat_vu_tru_DI_NHAN_pha_00402_5.88s|nhưng mà bù lại thì mà Magneto, Dừng Đồng Xu và Giáo sư X xuất hiện giữa sân bay là một cú rọn đường hoàn hảo nhất lịch sử Marvel.|nhưng mà bù lại thì mà magneto, dừng đồng xu và giáo sư x xuất hiện giữa sân bay là một cú rọn đường hoàn hảo nhất lịch sử marvel. 
Tat_tan_tat_vu_tru_DI_NHAN_pha_00403_4.38s|fan lúc đó thì xuất thật vì sung sướng vì biết rằng là dòng thời gian cũ vẫn chưa kết thúc.|phan lúc đó thì xuất thật vì sung sướng vì biết rằng là dòng thời gian cũ vẫn chưa kết thúc. 
Tat_tan_tat_vu_tru_DI_NHAN_pha_00404_4.66s|tổng kết lại thì The Wolverine là một phim lẻ rất là chất lượng nó đã giải quyết chọn vẽ nỗi đau của Logan sau.|tổng kết lại thì the wolverine là một phim lẻ rất là chất lượng nó đã giải quyết chọn vẽ nỗi đau của logan sau. 
Tat_tan_tat_vu_tru_DI_NHAN_pha_00405_9.68s|thì The Last Stand và chuẩn bị tâm thế cho anh bước vào trận chiến vĩ đại nhất của Days of Future Past phim này phê Ok,|thì the last stand và chuẩn bị tâm thế cho anh bước vào trận chiến vĩ đại nhất của days of future past phim này phê ô kê, 
Tat_tan_tat_vu_tru_DI_NHAN_pha_00406_10.34s|sau khi mọi thứ đã được liên kết dọn dẹp và xếp hình gọn gàng thì chúng ta đến với Days of Future Past một cái tên khá là khó dịch nhưng mà Việt Nam chúng ta dịch thành là ngày cũ của tương lai cũng hợp lý mà cũng khá thơ.|sau khi mọi thứ đã được liên kết dọn dẹp và xếp hình gọn gàng thì chúng ta đến với days of future past một cái tên khá là khó dịch nhưng mà việt nam chúng ta dịch thành là ngày cũ của tương lai cũng hợp lý mà cũng khá thơ. 
Tat_tan_tat_vu_tru_DI_NHAN_pha_00407_11.61s|bối cảnh của phim này là năm 2023, một tương lai cực kỳ đen tối, những cụ máy mang tên Sentinel đang săn lùng và tiêu diệt không chỉ dị nhân mà những con người có tiềm năng di chuyển nột biến hoặc đơn giản là giảm bảo vệ dị nhân ở Mascava,|bối cảnh của phim này là năm hai nghìn hai mươi ba, một tương lai cực kỳ đen tối, những cụ máy mang tên sentinel đang săn lùng và tiêu diệt không chỉ dị nhân mà những con người có tiềm năng di chuyển nột biến hoặc đơn giản là giảm bảo vệ dị nhân ở mascava, 
Tat_tan_tat_vu_tru_DI_NHAN_pha_00408_4.54s|Sentinel tấn công những X-Men Consort hồn Kitty Pryde, Colossus, Bling, Warpath,|sentinel tấn công những x men consort hồn kitty pryde, colossus, bling, warpath, 
Tat_tan_tat_vu_tru_DI_NHAN_pha_00409_6.95s|Beat Shop, Iceman và Sunspot. Họ đã hy sinh gần hết chỉ để câu đủ thời gian cho Kitty dùng năng lực gửi ý thức cho Beat Shop trở về vài|beat shop, iceman và sunspot. họ đã hy sinh gần hết chỉ để câu đủ thời gian cho kitty dùng năng lực gửi ý thức cho beat shop trở về vài
Tat_tan_tat_vu_tru_DI_NHAN_pha_00410_10.20s|Ngày trước đó trong quá khứ để nhằm cảnh báo đồng đội và đảm bảo sự sống còn nhóm còn lại thì rút lui về một quốc đền hẻo lãnh Xavier|ngày trước đó trong quá khứ để nhằm cảnh báo đồng đội và đảm bảo sự sống còn nhóm còn lại thì rút lui về một quốc đền hẻo lãnh xavier
Tat_tan_tat_vu_tru_DI_NHAN_pha_00411_6.42s|giải thích là chương trình Sentinel ban đầu do Bolivar Truss đề xuất một nào thiết kế vũ khí bị Mystic án sát năm 1973.|giải thích là chương trình sentinel ban đầu do bolivar truss đề xuất một nào thiết kế vũ khí bị mystic án sát năm một nghìn chín trăm bảy mươi ba. 
Tat_tan_tat_vu_tru_DI_NHAN_pha_00412_5.75s|Chính phủ thấy như vậy nên đã hoảng loạn và duyệt luôn chương trình Sentinel, bắt Mystic để tra tấn và thí nghiệm trên cô|chính phủ thấy như vậy nên đã hoảng loạn và duyệt luôn chương trình sentinel, bắt mystic để tra tấn và thí nghiệm trên cô
Tat_tan_tat_vu_tru_DI_NHAN_pha_00413_10.77s|Từ DNA của Mystic thì họ đã tạo ra Sentinel, những cụ máy có khả năng thích ứng với mọi siêu năng lực dị nhân và lúc này thì cả nhóm có một kế hoạch để cứu tương lai là quay về năm 1973 ngăn Mystic ám sát Truss|từ dna của mystic thì họ đã tạo ra sentinel, những cụ máy có khả năng thích ứng với mọi siêu năng lực dị nhân và lúc này thì cả nhóm có một kế hoạch để cứu tương lai là quay về năm một nghìn chín trăm bảy mươi ba ngăn mystic ám sát truss
Tat_tan_tat_vu_tru_DI_NHAN_pha_00414_7.45s|Xavier dự định dùng năng lực của Kitty để gửi ý thức ngược thời gian nhưng nếu đi xa quá thì Xavier sẽ chết và thế là Logan xung phong|xavier dự định dùng năng lực của kitty để gửi ý thức ngược thời gian nhưng nếu đi xa quá thì xavier sẽ chết và thế là logan xung phong
Tat_tan_tat_vu_tru_DI_NHAN_pha_00415_2.83s|Tại vì anh này có khả năng hồi phục và anh này cũng quen chết rồi|tại vì anh này có khả năng hồi phục và anh này cũng quen chết rồi
Tat_tan_tat_vu_tru_DI_NHAN_pha_00416_12.47s|Logan tỉnh dậy vào năm 1973 và rất tình cờ nằm cạnh một em sinh tươi anh tìm đến dinh thượng X và được hành mức cho biết là trường học đã bị bỏ hoang nhiều năm do sự can thiệp của Mỹ ở Việt Nam và Magneto đang bị giam vì tội ám sát John F Kennedy|logan tỉnh dậy vào năm một nghìn chín trăm bảy mươi ba và rất tình cờ nằm cạnh một em sinh tươi anh tìm đến dinh thượng x và được hành mức cho biết là trường học đã bị bỏ hoang nhiều năm do sự can thiệp của mỹ ở việt nam và magneto đang bị giam vì tội ám sát john f kennedy
Tat_tan_tat_vu_tru_DI_NHAN_pha_00417_6.23s|Xavier lúc này còn trẻ nhưng nghiện rượu nặng và dùng một loại thuốc hết thanh để giúp anh đi lại được, mà đổi lại là mất năng lực của Ackerman|xavier lúc này còn trẻ nhưng nghiện rượu nặng và dùng một loại thuốc hết thanh để giúp anh đi lại được, mà đổi lại là mất năng lực của ackerman
Tat_tan_tat_vu_tru_DI_NHAN_pha_00418_2.51s|Vì muốn gặp lại Mystic nên Xavier đồng ý giúp Logan|vì muốn gặp lại mystic nên xavier đồng ý giúp logan
Tat_tan_tat_vu_tru_DI_NHAN_pha_00419_2.95s|Họ chưa mộ thêm Quicksilver, một dị nhân chạy rất là nhanh|họ chưa mộ thêm quicksilver, một dị nhân chạy rất là nhanh
Tat_tan_tat_vu_tru_DI_NHAN_pha_00420_2.09s|Và chắc chắn là không phải là các anh có nhiều lỗi trên người|và chắc chắn là không phải là các anh có nhiều lỗi trên người
Tat_tan_tat_vu_tru_DI_NHAN_pha_00421_8.17s|Ba người đột nhập vào lầu 5 góc giải cứu Magneto và phát hiện ra sự thật là Magneto không giết Kennedy mà đang cố cứu ông ta tại vì Kennedy cũng là một dị nhân|ba người đột nhập vào lầu năm góc giải cứu magneto và phát hiện ra sự thật là magneto không giết kennedy mà đang cố cứu ông ta tại vì kennedy cũng là một dị nhân
Tat_tan_tat_vu_tru_DI_NHAN_pha_00422_3.29s|Đoạn này làm tôi liên tưởng đến Michael Jackson làm điệp vụ áo đen trong Men in Black|đoạn này làm tôi liên tưởng đến michael jackson làm điệp vụ áo đen trong men in black
Tat_tan_tat_vu_tru_DI_NHAN_pha_00423_6.07s|Trong khi đấy thì Mystic phát hiện ra Truss đang thí nghiệm trên dị nhân và âm mưu ám sát ông ta tại Hẹp định Hòa bình Paris|trong khi đấy thì mystic phát hiện ra truss đang thí nghiệm trên dị nhân và âm mưu ám sát ông ta tại hẹp định hòa bình paris
Tat_tan_tat_vu_tru_DI_NHAN_pha_00424_2.13s|Xavier, McCoy và Logan đã ngăn cô lại|xavier, mccoy và logan đã ngăn cô lại
Tat_tan_tat_vu_tru_DI_NHAN_pha_00425_3.82s|Nhưng mà Magneto thì lại nghĩ khác. Ông tin rằng là giết Mystic sẽ thay đổi tương lai|nhưng mà magneto thì lại nghĩ khác. ông tin rằng là giết mystic sẽ thay đổi tương lai
Tat_tan_tat_vu_tru_DI_NHAN_pha_00426_5.56s|McCoy giao chiến với Magneto, tạo cơ hội cho Mystic trốn thoát nhưng lại vô tình để lộ sự tồn tại của dị nhân trước công chúng|mccoy giao chiến với magneto, tạo cơ hội cho mystic trốn thoát nhưng lại vô tình để lộ sự tồn tại của dị nhân trước công chúng
Tat_tan_tat_vu_tru_DI_NHAN_pha_00427_4.19s|Truss chớp lấy thời cơ thuyết phục Tổng thống Richard Nixon bật đèn xanh cho chương trình Sentinel|truss chớp lấy thời cơ thuyết phục tổng thống richard nixon bật đèn xanh cho chương trình sentinel
Tat_tan_tat_vu_tru_DI_NHAN_pha_00428_5.23s|Magneto lấy lại mũ bảo hiểm và bí mật chiếm quyền điều khiển các quân mẫu Sentinel bằng cách là bơm thép vào trong chúng|magneto lấy lại mũ bảo hiểm và bí mật chiếm quyền điều khiển các quân mẫu sentinel bằng cách là bơm thép vào trong chúng
Tat_tan_tat_vu_tru_DI_NHAN_pha_00429_2.47s|Trở về dinh thự thì Xavier quyết định bỏ huyết thanh|trở về dinh thự thì xavier quyết định bỏ huyết thanh
Tat_tan_tat_vu_tru_DI_NHAN_pha_00430_2.76s|Thông qua ký ức của Logan thì anh kết nối được với chính mình trong tương lai.|thông qua ký ức của logan thì anh kết nối được với chính mình trong tương lai. 
Tat_tan_tat_vu_tru_DI_NHAN_pha_00431_2.07s|Đây là một trong những cảnh mà đẹp và đã nhất phim.|đây là một trong những cảnh mà đẹp và đã nhất phim. 
Tat_tan_tat_vu_tru_DI_NHAN_pha_00432_4.15s|Xavier đã truyền cảm hứng cho chính bản thân mình để bảo vệ tương lai, giữa con người và dị nhân.|xavier đã truyền cảm hứng cho chính bản thân mình để bảo vệ tương lai, giữa con người và dị nhân. 
Tat_tan_tat_vu_tru_DI_NHAN_pha_00433_4.31s|Xavier dùng Cerebro để tìm Mystic rồi cùng McCoy và Logan đến Washington.|xavier dùng cerebro để tìm mystic rồi cùng mccoy và logan đến washington. 
Tat_tan_tat_vu_tru_DI_NHAN_pha_00434_2.67s|Tại buổi ra mắt Sentinel thì cả ba tìm kiếm Mystic.|tại buổi ra mắt sentinel thì cả ba tìm kiếm mystic. 
Tat_tan_tat_vu_tru_DI_NHAN_pha_00435_5.73s|Magneto xuất hiện, khích hoạt Sentinel và phong tỏa nhà trắng bằng cách là nhất cả sân vận động RFK đè lên trên.|magneto xuất hiện, khích hoạt sentinel và phong tỏa nhà trắng bằng cách là nhất cả sân vận động rfk đè lên trên. 
Tat_tan_tat_vu_tru_DI_NHAN_pha_00436_3.81s|Magneto đã dùng sắt thép xuyên qua người Logan rồi ném anh xuống sông Potomac.|magneto đã dùng sắt thép xuyên qua người logan rồi ném anh xuống sông potomac. 
Tat_tan_tat_vu_tru_DI_NHAN_pha_00437_4.47s|Nixon, Truss và Mystic cải trang rút vào Bunker cơ mà Magneto lật tung Bunker để giết sạch.|nixon, truss và mystic cải trang rút vào bunker cơ mà magneto lật tung bunker để giết sạch. 
Tat_tan_tat_vu_tru_DI_NHAN_pha_00438_2.38s|Quay lại năm 2023 thì Sentinel tấn công ngôi đền.|quay lại năm hai nghìn hai mươi ba thì sentinel tấn công ngôi đền. 
Tat_tan_tat_vu_tru_DI_NHAN_pha_00439_2.83s|X-Men tử trận liên tục chỉ để kéo dài thêm từng dây.|x men tử trận liên tục chỉ để kéo dài thêm từng dây. 
Tat_tan_tat_vu_tru_DI_NHAN_pha_00440_5.84s|Cùng lúc đó thì ở năm 1973 Mystic đã lộ diện dùng súng nựa để khống chế Magneto cứu sống Nixon và nội các.|cùng lúc đó thì ở năm một nghìn chín trăm bảy mươi ba mystic đã lộ diện dùng súng nựa để khống chế magneto cứu sống nixon và nội các. 
Tat_tan_tat_vu_tru_DI_NHAN_pha_00441_3.17s|Xavier đã dùng ngoại cảm để thuyết phục Mystic, tha mạng cho Truss.|xavier đã dùng ngoại cảm để thuyết phục mystic, tha mạng cho truss. 
Tat_tan_tat_vu_tru_DI_NHAN_pha_00442_6.75s|Công chúng đã chứng kiến một dị nhân cứu tổng thống nên là chương trình Sentinel bị hủy bỏ và tương lai đen tối năm 2023 và bị xóa sổ khỏi lịch sử.|công chúng đã chứng kiến một dị nhân cứu tổng thống nên là chương trình sentinel bị hủy bỏ và tương lai đen tối năm hai nghìn hai mươi ba và bị xóa sổ khỏi lịch sử. 
Tat_tan_tat_vu_tru_DI_NHAN_pha_00443_2.23s|Các dị nhân trong quá khứ rẽ theo những con đường rất là riêng.|các dị nhân trong quá khứ rẽ theo những con đường rất là riêng. 
Tat_tan_tat_vu_tru_DI_NHAN_pha_00444_2.89s|Truss bị bắt vì bán bí mật quân sự cho các thế lực ở nước ngoài.|truss bị bắt vì bán bí mật quân sự cho các thế lực ở nước ngoài. 
Tat_tan_tat_vu_tru_DI_NHAN_pha_00445_4.19s|Logan tỉnh dậy năm 2023 tại Dinh Thư X, ngôi trường phát triển thịnh vượng,|logan tỉnh dậy năm hai nghìn hai mươi ba tại dinh thư x, ngôi trường phát triển thịnh vượng, 
Tat_tan_tat_vu_tru_DI_NHAN_pha_00446_4.22s|các X-Men đều còn sống. Rock, Jean Grey, Scott Summer, Logan đi dạo trong trường,|các x men đều còn sống. rock, jean grey, scott summer, logan đi dạo trong trường, 
Tat_tan_tat_vu_tru_DI_NHAN_pha_00447_4.53s|gặp lại những gương mặt tưởng là mất mãi mãi. Tôi nói thật, đoạn này cũng kiểu rất là hồi tưởng.|gặp lại những gương mặt tưởng là mất mãi mãi. tôi nói thật, đoạn này cũng kiểu rất là hồi tưởng. 
Tat_tan_tat_vu_tru_DI_NHAN_pha_00448_3.39s|Logan nhớ Xavier kể lại lịch sử từ năm 1973 đến nay.|logan nhớ xavier kể lại lịch sử từ năm một nghìn chín trăm bảy mươi ba đến nay. 
Tat_tan_tat_vu_tru_DI_NHAN_pha_00449_4.77s|Còn ở năm 1973 thì Logan được Mystic cứu sống dưới lớp của thiếu tá William Stryker.|còn ở năm một nghìn chín trăm bảy mươi ba thì logan được mystic cứu sống dưới lớp của thiếu tá william stryker. 
Tat_tan_tat_vu_tru_DI_NHAN_pha_00450_4.16s|Ở Ai Cập cổ đại, một đám đông đang tung hô Anne Sabaner.|ở ai cập cổ đại, một đám đông đang tung hô anne sabaner. 
Tat_tan_tat_vu_tru_DI_NHAN_pha_00451_5.17s|Hắn đã dùng tâm linh, nâng những khối đá khổng lồ, xây kim tự tháp, trong khi tứ kỹ sĩ đứng quan sát từ xa.|hắn đã dùng tâm linh, nâng những khối đá khổng lồ, xây kim tự tháp, trong khi tứ kỹ sĩ đứng quan sát từ xa. 
Tat_tan_tat_vu_tru_DI_NHAN_pha_00452_3.81s|Thì cứ tưởng là First Class đã phê rồi thì Today's a Future Path nó còn đá hơn nữa.|thì cứ tưởng là first class đã phê rồi thì today s a future path nó còn đá hơn nữa. 
Tat_tan_tat_vu_tru_DI_NHAN_pha_00453_7.37s|Kịch bản hách não nhầm cực kỳ chặt chẽ, du hành thời gian không làm khán giả dối, mỗi hành động trong quá khứ thì đều tác động ngay lập tức cho sự sống còn là tương lai.|kịch bản hách não nhầm cực kỳ chặt chẽ, du hành thời gian không làm khán giả dối, mỗi hành động trong quá khứ thì đều tác động ngay lập tức cho sự sống còn là tương lai. 
Tat_tan_tat_vu_tru_DI_NHAN_pha_00454_5.79s|Nó căng đến nghẹt thở luôn. Và nhắc đến phim này thì không thể không nhắc tới Quicksilver cứu Magneto trên đèn nhạc Tamina Bottle,|nó căng đến nghẹt thở luôn. và nhắc đến phim này thì không thể không nhắc tới quicksilver cứu magneto trên đèn nhạc tamina bottle, 
Tat_tan_tat_vu_tru_DI_NHAN_pha_00455_5.61s|gọi là kiệt tác sơ anh hùng không hề quá. Nếu mà xét phạm các cảnh sơ bình hùng thì cảnh này chắc chỉ thua mỗi Avengers ở Sample thôi,|gọi là kiệt tác sơ anh hùng không hề quá. nếu mà xét phạm các cảnh sơ bình hùng thì cảnh này chắc chỉ thua mỗi avengers ở sample thôi, 
Tat_tan_tat_vu_tru_DI_NHAN_pha_00456_2.21s|vừa kỹ xảo đỉnh, vừa hài, vừa phong cách.|vừa kỹ xảo đỉnh, vừa hài, vừa phong cách. 
Tat_tan_tat_vu_tru_DI_NHAN_pha_00457_3.41s|Kiểu Sam for last đến DCU xong phải bật lại cảnh này để rửa mắt.|kiểu sam for last đến dcu xong phải bật lại cảnh này để rửa mắt. 
Tat_tan_tat_vu_tru_DI_NHAN_pha_00458_4.77s|Bộ tứ Xavier, Magneto ở hai dòng thời gian là pick con mẹ nó có cả series luôn.|bộ tứ xavier, magneto ở hai dòng thời gian là pick con mẹ nó có cả series luôn. 
Tat_tan_tat_vu_tru_DI_NHAN_pha_00459_8.31s|Trên mức cả voi, tứ lãng tử, sang nhiện, rượu, trầm cảm nhưng mà vẫn ra cái chất thì ông này cũng cần một mình cả chục vai trong Split thì cũng đủ hiểu chính diễn sách rồi Michael Fassbender,|trên mức cả voi, tứ lãng tử, sang nhiện, rượu, trầm cảm nhưng mà vẫn ra cái chất thì ông này cũng cần một mình cả chục vai trong split thì cũng đủ hiểu chính diễn sách rồi michael fassbender, 
Tat_tan_tat_vu_tru_DI_NHAN_pha_00460_8.01s|Bây giờ là một Magneto cực đoan, uy quyền và tâm lý phức tạp kết hợp với Patrick Stewart và Ian McKellen thì tạo ra một cảm giác vừa hoài niệm và vừa rất mạnh cho vai lâu năm.|bây giờ là một magneto cực đoan, uy quyền và tâm lý phức tạp kết hợp với patrick stewart và ian mckellen thì tạo ra một cảm giác vừa hoài niệm và vừa rất mạnh cho vai lâu năm. 
Tat_tan_tat_vu_tru_DI_NHAN_pha_00461_6.58s|Trong comic thì Kitty là người quay về quá khứ, còn trong phim thì vai này do cho Wolverine để hút khách hơn và lâu gần thì cũng khá là hợp.|trong comic thì kitty là người quay về quá khứ, còn trong phim thì vai này do cho wolverine để hút khách hơn và lâu gần thì cũng khá là hợp. 
Tat_tan_tat_vu_tru_DI_NHAN_pha_00462_6.56s|Thật cơ mà năng lực của Kitty thì bị búp hơi vô lý từ đi xuyên tường đến gửi ý thức và không giải thích rõ lắm.|thật cơ mà năng lực của kitty thì bị búp hơi vô lý từ đi xuyên tường đến gửi ý thức và không giải thích rõ lắm. 
Tat_tan_tat_vu_tru_DI_NHAN_pha_00463_8.70s|Lại thì toàn người mới và thú vị, tôi thích nhất là Berlin, nhưng mà Berlin với Bishop, Warpath chủ yếu được sinh ra để làm báo cát cho Sentinel để phô diễn cái độ báo đạo của Sentinel khá là hay.|lại thì toàn người mới và thú vị, tôi thích nhất là berlin, nhưng mà berlin với bishop, warpath chủ yếu được sinh ra để làm báo cát cho sentinel để phô diễn cái độ báo đạo của sentinel khá là hay. 
Tat_tan_tat_vu_tru_DI_NHAN_pha_00464_6.84s|Sau bao đau thương từ phần 3 thì cái cảnh mà lâu gần đi dạng trong trường gặp lại Gene với Cyclops thì khiến rất là nhiều fan vui trong Lò Cò tôi.|sau bao đau thương từ phần ba thì cái cảnh mà lâu gần đi dạng trong trường gặp lại gene với cyclops thì khiến rất là nhiều phan vui trong lò cò tôi. 
Tat_tan_tat_vu_tru_DI_NHAN_pha_00465_6.40s|Giống như kiểu là một lời xin lỗi chân thành từ nhà sản xuất ấy và fan lại tin rằng là X-Men vẫn còn có thể đỉnh được cho đến khi Dark Phoenix.|giống như kiểu là một lời xin lỗi chân thành từ nhà sản xuất ấy và phan lại tin rằng là x men vẫn còn có thể đỉnh được cho đến khi dark phoenix. 
Tat_tan_tat_vu_tru_DI_NHAN_pha_00466_6.68s|Xuất hiện. Thôi cái này để video khác đi. Và đó là phần 1 của toàn bộ vũ trụ X-Men. Giai đoạn này thì dù có nhiều thăng trầm nhưng mà vẫn có.|xuất hiện. thôi cái này để vi đi ô khác đi. và đó là phần một của toàn bộ vũ trụ x men. giai đoạn này thì dù có nhiều thăng trầm nhưng mà vẫn có. 
Tat_tan_tat_vu_tru_DI_NHAN_pha_00467_6.42s|Nhiều khoảnh khắc fan X-Men đến bây giờ vẫn là một cái tượng đài trong lòng tôi và chắc chắn là nhiều ông cũng đang rất là mong chờ anh em Marvel họ.|nhiều khoảnh khắc phan x men đến bây giờ vẫn là một cái tượng đài trong lòng tôi và chắc chắn là nhiều ông cũng đang rất là mong chờ anh em marvel họ. 
Tat_tan_tat_vu_tru_DI_NHAN_pha_00468_3.50s|Cúp các phim X-Men tiếp theo như nào khi mà không còn George Fox thao túng nữa.|cúp các phim x men tiếp theo như nào khi mà không còn george fox thao túng nữa. 
Tat_tan_tat_vu_tru_DI_NHAN_pha_00469_4.31s|Các bạn thấy sao về X-Men thì hãy comment bên dưới. Tôi là Nhào, đừng quên đăng ký để không bỏ lỡ bất kỳ video nào.|các bạn thấy sao về x men thì hãy com mừn bên dưới. tôi là nhào, đừng quên đăng ký để không bỏ lỡ bất kỳ vi đi ô nào. 
Tat_tan_tat_vu_tru_DI_NHAN_pha_00470_11.11s|Xin chào và hẹn gặp lại. Hãy subscribe cho kênh Ghiền Mì Gõ Để không bỏ lỡ những video hấp dẫn|xin chào và hẹn gặp lại. hãy subscribe cho kênh ghiền mì gõ để không bỏ lỡ những vi đi ô hấp dẫn
